Workbook

Sheet Start Here
K1: How to Use This Template:
K4: This file contains two worksheets and a calculator. The worksheets are designed to help you customize your lead scoring framework in a way that makes sense to your business. You are welcome to add to or remove the fields provided in any way that makes sense for your company. Your maximum lead score can be anything you'd like—whether it's 100 or 1,000, it should just be something that makes sense to you and for your company. Be sure that any changes made to the worksheet are also updated on the calculator.
C9: Free Lead Scoring Framework Template
B14: CRM Powered Marketing Tools
B16: Manage contacts & get valuable analytics on traffic and conversion to grow your business.
D18: Get Started

Sheet Lead Scoring Framework Workshee
A1: Lead Scoring Worksheet
A4: In simple terms, lead scoring is comparable to giving a grade to each potential customer based on the likelihood that they will purchase from your company. Lead scoring helps businesses focus on the most promising prospects and improve their chances of making a sale. Some useful factors when determining a lead score come from explicit data. This refers to information that is stated or shared by prospects through any direct interaction—like a survey, form, or registration. Explicit data typically includes details like job title, company size, or industry.
A7: Demographics | B7: Notes | C7: Max Score | D7: Firmographics | E7: Notes | F7: Max Score
A8: Job Title | B8: Is this title a good fit for your product/service? | C8: 15 | D8: Number of employees | F8: 15
A9: Job Role | C9: 15 | D9: Industry | F9: 15
A10: Purchasing Authority | B10: Does this role have the ability to purchase easily? | C10: 15 | D10: Annual Revenue | F10: 15
A11: Industry/Field of expertise | C11: 10 | D11: Revenue Growth/Decline | F11: 10
A12: Designations/Certifications | C12: 5 | D12: Average Sales Cycle | F12: 10
A13: Career Interests | C13: 10 | D13: Headquarters Location | F13: 10
A14: Years at Current Position | C14: 10 | D14: Year Founded | F14: 5
A15: Number of Direct Reports | C15: 5 | D15: Organizational Structure | F15: 5
A16: Public Recommendations | C16: 5 | D16: Geographic Market Served | F16: 10
A17: Affiliations—groups and associations | C17: 5 | D17: Monthly Web Traffic | F17: 5
A18: Social Networking Usage | C18: 5 | D18: [Add Another Trait/Behavior Here]
A19: [Add Another Trait/Behavior Here] | D19: [Add Another Trait/Behavior Here]
C24: =SUM(C8:C23) -> 100 | F24: =SUM(F8:F23) -> 100

Sheet Sheet6
A1: Lead Scoring Worksheet - Implicit Data
A4: Implicit data for lead scoring refers to information that is indirectly inferred or collected from a prospect's behavior or interactions with a business. Understanding implicit data involves the capturing and analyzing of data points that are collected from monitoring and tracking prospect activities. Implicit data can include a wide variety of behavioral information, and your marketing channels and campaign objectives should inform what you decide to collect. For example, collecting information about landing page views wouldn't be useful if your marketing funnel primarily directs users to product pages.
A7: Behaviors - Positive Score | B7: Notes | C7: Max Score | D7: Behaviors - Negative Score | E7: Notes | F7: Max Score
A8: Landing Page - View | C8: 5 | D8: Email - Unsubscribe | F8: -15
A9: Landing Page - Conversion | C9: 10 | D9: Website - Viewed Non-Product Page | F9: -10
A10: Use of Chat Functionality | C10: 10 | D10: Website - No Activity for 30 Days | F10: -10
A11: Request for Call Back | C11: 10 | D11: Email - Spam Complaint | F11: -15
A12: Viewed Web Page - Any | C12: 5 | D12: Social Media - Negative Comment | F12: -10
A13: Viewed Web Page - Product | C13: 5 | D13: Social Media - Unfollow | F13: -10
A14: Viewed Web Page - Pricing | C14: 10 | D14: Email - No Engagement | F14: -10
A15: Viewed Web Page - Review | C15: 5 | D15: [Add Another Trait/Behavior Here]
A16: Viewed Web Page - Multiple | C16: 5
A17: Multiple Web Page Visits Per Week | C17: 10
A18: Email - Opened | C18: 5
A19: Emal - Clicked Link | C19: 5
A20: Email - Forwarded | C20: 5
A21: Social Media - Follows Company Page | C21: 5
A22: Social Media - Positive Comment | C22: 5
A23: [Add Another Trait/Behavior Here]
C24: =SUM(C8:C23) -> 100 | F24: =SUM(F8:F23) -> -80

Sheet Lead Scoring Calculator
A1: Lead Scoring Calculator
A4: After you have completed the framework worksheets to determine and define your scoring criteria, you can use this calculator to input lead data and calculate a final lead score. Make as many copies as you'd like—and if you want to make lead scoring even easier, explore the functionalities that live within HubSpot. Check out the free HubSpot Academy course on lead scoring.
A7: Demographics | B7: Notes | C7: Max Score | D7: Score | E7: Firmographics | F7: Notes | G7: Max Score | H7: Score | I7: Behaviors - Positive Score | J7: Notes | K7: Max Score | L7: Score | M7: Behaviors - Negative Score | N7: Notes | O7: Max Score | P7: Score | Q7: Total Score | R7: Normalized Score
A8: ='Lead Scoring Framework Workshee'!A8 -> Job Title | B8: Chief Marketing Officer | C8: ='Lead Scoring Framework Workshee'!C8 -> 15 | D8: 15 | E8: ='Lead Scoring Framework Workshee'!D8 -> Number of employees | F8: 250-500 | G8: ='Lead Scoring Framework Workshee'!F8 -> 15 | H8: 9 | I8: =Sheet6!A8 -> Landing Page - View | J8: Visited LP from LinkedIn ad | K8: =Sheet6!C8 -> 5 | L8: 5 | M8: Email - Unsubscribe | N8: n/a | O8: -15 | P8: 0 | Q8: Total Score | R8: Normalized Score
A9: ='Lead Scoring Framework Workshee'!A9 -> Job Role | B9: C-Suite | C9: ='Lead Scoring Framework Workshee'!C9 -> 15 | D9: 15 | E9: ='Lead Scoring Framework Workshee'!D9 -> Industry | F9: Software and Technology | G9: ='Lead Scoring Framework Workshee'!F9 -> 15 | H9: 10 | I9: =Sheet6!A9 -> Landing Page - Conversion | J9: Completed form on LP | K9: =Sheet6!C9 -> 10 | L9: 10 | M9: Website - Viewed Non-Product Page | N9: Viewed Careers page | O9: -10 | P9: -5
A10: ='Lead Scoring Framework Workshee'!A10 -> Purchasing Authority | B10: Yes | C10: ='Lead Scoring Framework Workshee'!C10 -> 15 | D10: 15 | E10: ='Lead Scoring Framework Workshee'!D10 -> Annual Revenue | F10: >2,000,000 (USD) | G10: ='Lead Scoring Framework Workshee'!F10 -> 15 | H10: 13 | I10: =Sheet6!A10 -> Use of Chat Functionality | J10: Did not use | K10: =Sheet6!C10 -> 10 | L10: 0 | M10: Website - No Activity for 30 Days | N10: n/a | O10: -10 | P10: 0
A11: ='Lead Scoring Framework Workshee'!A11 -> Industry/Field of expertise | B11: SaaS | C11: ='Lead Scoring Framework Workshee'!C11 -> 10 | D11: 8 | E11: ='Lead Scoring Framework Workshee'!D11 -> Revenue Growth/Decline | F11: 26%+ YoY | G11: ='Lead Scoring Framework Workshee'!F11 -> 10 | H11: 10 | I11: =Sheet6!A11 -> Request for Call Back | J11: Did not use | K11: =Sheet6!C11 -> 10 | L11: 0 | M11: Email - Spam Complaint | N11: n/a | O11: -15 | P11: 0
A12: ='Lead Scoring Framework Workshee'!A12 -> Designations/Certifications | B12: HubSpot Inbound Marketing Certification | C12: ='Lead Scoring Framework Workshee'!C12 -> 5 | D12: 3 | E12: ='Lead Scoring Framework Workshee'!D12 -> Average Sales Cycle | F12: <90 days | G12: ='Lead Scoring Framework Workshee'!F12 -> 10 | H12: 8 | I12: =Sheet6!A12 -> Viewed Web Page - Any | J12: Viewed +6 web pages | K12: =Sheet6!C12 -> 5 | L12: 5 | M12: Social Media - Negative Comment | N12: n/a | O12: -10 | P12: 0
A13: ='Lead Scoring Framework Workshee'!A13 -> Career Interests | B13: Sales and Marketing Alignment | C13: ='Lead Scoring Framework Workshee'!C13 -> 10 | D13: 8 | E13: ='Lead Scoring Framework Workshee'!D13 -> Headquarters Location | F13: Boston, MA, USA | G13: ='Lead Scoring Framework Workshee'!F13 -> 10 | H13: 4 | I13: =Sheet6!A13 -> Viewed Web Page - Product | J13: Viewed +2 product pages | K13: =Sheet6!C13 -> 5 | L13: 4 | M13: Social Media - Unfollow | N13: n/a | O13: -10 | P13: 0
A14: ='Lead Scoring Framework Workshee'!A14 -> Years at Current Position | B14: 1 | C14: ='Lead Scoring Framework Workshee'!C14 -> 10 | D14: 6 | E14: ='Lead Scoring Framework Workshee'!D14 -> Year Founded | F14: 2006 | G14: ='Lead Scoring Framework Workshee'!F14 -> 5 | H14: 4 | I14: =Sheet6!A14 -> Viewed Web Page - Pricing | J14: Viewed x2 | K14: =Sheet6!C14 -> 10 | L14: 8 | M14: Email - No Engagement | N14: n/a | O14: -10 | P14: 0
A15: ='Lead Scoring Framework Workshee'!A15 -> Number of Direct Reports | B15: 4 | C15: ='Lead Scoring Framework Workshee'!C15 -> 5 | D15: 4 | E15: ='Lead Scoring Framework Workshee'!D15 -> Organizational Structure | F15: Product-Based | G15: ='Lead Scoring Framework Workshee'!F15 -> 5 | H15: 5 | I15: =Sheet6!A15 -> Viewed Web Page - Review | J15: Did not view | K15: =Sheet6!C15 -> 5 | L15: 0
A16: ='Lead Scoring Framework Workshee'!A16 -> Public Recommendations | B16: 4 | C16: ='Lead Scoring Framework Workshee'!C16 -> 5 | D16: 3 | E16: ='Lead Scoring Framework Workshee'!D16 -> Geographic Market Served | F16: NAM | G16: ='Lead Scoring Framework Workshee'!F16 -> 10 | H16: 5 | I16: =Sheet6!A16 -> Viewed Web Page - Multiple | J16: Viewed +6 web pages | K16: =Sheet6!C16 -> 5 | L16: 5
A17: ='Lead Scoring Framework Workshee'!A17 -> Affiliations—groups and associations | B17: Member, American Marketing Association | C17: ='Lead Scoring Framework Workshee'!C17 -> 5 | D17: 3 | E17: ='Lead Scoring Framework Workshee'!D17 -> Monthly Web Traffic | F17: >1.5M monthly visits | G17: ='Lead Scoring Framework Workshee'!F17 -> 5 | H17: 4 | I17: =Sheet6!A17 -> Multiple Web Page Visits Per Week | J17: Viewed website 2x last week | K17: =Sheet6!C17 -> 10 | L17: 8
A18: ='Lead Scoring Framework Workshee'!A18 -> Social Networking Usage | B18: LinkedIn (inactive) | C18: ='Lead Scoring Framework Workshee'!C18 -> 5 | D18: 2 | E18: ='Lead Scoring Framework Workshee'!D18 -> [Add Another Trait/Behavior Here] | G18: ='Lead Scoring Framework Workshee'!F18 | I18: =Sheet6!A18 -> Email - Opened | J18: Opened drip campaign email | K18: =Sheet6!C18 -> 5 | L18: 5
A19: ='Lead Scoring Framework Workshee'!A19 -> [Add Another Trait/Behavior Here] | C19: ='Lead Scoring Framework Workshee'!C19 | E19: ='Lead Scoring Framework Workshee'!D19 -> [Add Another Trait/Behavior Here] | G19: ='Lead Scoring Framework Workshee'!F19 | I19: =Sheet6!A19 -> Emal - Clicked Link | J19: Did not click link | K19: =Sheet6!C19 -> 5 | L19: 0
A20: ='Lead Scoring Framework Workshee'!A20 | C20: ='Lead Scoring Framework Workshee'!C20 | E20: ='Lead Scoring Framework Workshee'!D20 | G20: ='Lead Scoring Framework Workshee'!F20 | I20: =Sheet6!A20 -> Email - Forwarded | J20: Did not forward | K20: =Sheet6!C20 -> 5 | L20: 0
A21: ='Lead Scoring Framework Workshee'!A21 | C21: ='Lead Scoring Framework Workshee'!C21 | E21: ='Lead Scoring Framework Workshee'!D21 | G21: ='Lead Scoring Framework Workshee'!F21 | I21: =Sheet6!A21 -> Social Media - Follows Company Page | J21: Does not follow | K21: =Sheet6!C21 -> 5 | L21: 0
E22: ='Lead Scoring Framework Workshee'!D22 | G22: ='Lead Scoring Framework Workshee'!F22 | I22: =Sheet6!A22 -> Social Media - Positive Comment | J22: No comments from user | K22: =Sheet6!C22 -> 5 | L22: 0
A23: ='Lead Scoring Framework Workshee'!A22 | C23: ='Lead Scoring Framework Workshee'!C22 | E23: ='Lead Scoring Framework Workshee'!D23 | G23: ='Lead Scoring Framework Workshee'!F23 | I23: =Sheet6!A23 -> [Add Another Trait/Behavior Here] | K23: =Sheet6!C23
A24: ='Lead Scoring Framework Workshee'!A23 | C24: ='Lead Scoring Framework Workshee'!C23 | E24: ='Lead Scoring Framework Workshee'!D24 | I24: =Sheet6!A24
E25: ='Lead Scoring Framework Workshee'!D25 | G25: ='Lead Scoring Framework Workshee'!F25 | I25: =Sheet6!A25 | K25: =Sheet6!C25
A26: ='Lead Scoring Framework Workshee'!A24 | E26: ='Lead Scoring Framework Workshee'!D26 | G26: ='Lead Scoring Framework Workshee'!F26 | I26: =Sheet6!A26 | K26: =Sheet6!C26
E27: ='Lead Scoring Framework Workshee'!D27 | G27: ='Lead Scoring Framework Workshee'!F27 | I27: =Sheet6!A27 | K27: =Sheet6!C27
A28: ='Lead Scoring Framework Workshee'!A25 | C28: ='Lead Scoring Framework Workshee'!C25 | E28: ='Lead Scoring Framework Workshee'!D28 | G28: ='Lead Scoring Framework Workshee'!F28 | I28: =Sheet6!A28 | K28: =Sheet6!C28
A29: ='Lead Scoring Framework Workshee'!A26 | C29: ='Lead Scoring Framework Workshee'!C26 | E29: ='Lead Scoring Framework Workshee'!D29 | G29: ='Lead Scoring Framework Workshee'!F29 | I29: =Sheet6!A29 | K29: =Sheet6!C29
D30: =SUM(D8:D25) -> 82 | H30: =SUM(H8:H25) -> 72 | L30: =SUM(L8:L25) -> 50 | P30: =SUM(P8:P22) -> -5 | Q30: =SUM(A30:P30) -> 199 | R30: =Q30/Q31 -> 0.66333333
C31: Max Score: | D31: ='Lead Scoring Framework Workshee'!C24 -> 100 | G31: Max Score: | H31: 100 | K31: Max Score: | L31: 100 | O31: Max Score: | P31: 100 | Q31: 300
