Workbook

Sheet READ ME
A1: Please Make a Copy of this Google sheet from the File Menu (by selecting File > Make a Copy)
A3: ▶ | C3: All Inclusive Resort Ratings Welcome! I originally created this spreadsheet to help my family decide which resort was right for us. Once I realized how useful it was, I thought this tool could benefit other families and individuals alike with their travel plans. Hope it helps! To effectively use this spreadsheet, make a copy and then you can use the filters found on the RESORTS tab. The original link prompts you to make a copy, but if you've gotten here through other means, select File > Make a Copy from the Menu or click on the link provided below. Any requests for Editor Access will be denied. The original spreadsheet is updated often. I recommend getting a fresh copy if you haven't done so in a while. Click on the following link to make a new copy: | E3: ▶ | G3: About Average User Ratings These ratings are an average of Trip Advisor, Google, Costco and Expedia. Trip Advisor ratings are calculated based on the number of Excellent reviews, the number of Very Good reviews, etc. Ratings are periodically updated. Anything with a rating less than 85 is filtered out but feel free to turn that off if you want by clicking on checkbox above the Avg User Rating header on the RESORTS tab, or manually in the DATA tab). If Value is important to you, sort by the Value Ratio column (by clicking on the checkbox above the Value Ratio heading on the RESORTS tab, or manually from highest to lowest on the DATA tab). About Pricing Use the information provided to help you compare resorts. Prices are representative of what you might expect to pay for a week's stay in March 2025. Family Prices are for one week, two adults and two kids in March 2025 or as close to it as I could find in the lowest priced room with a refundable rate booked direct with the resort. Adult Only Prices are for one week, two people in March 2025 or as close to it as I could find in the lowest priced room with a refundable rate booked direct with the resort. Guaranteed Connecting Rooms Guaranteed connecting rooms means you can choose this at the time of booking. It's not a request based on availability. | I3: ▶ | K3: Acknowledgements I’d like to thank fellow reddit user @gothamfury who granted every item on my wish list and transformed the original version of this spreadsheet into what you see today. If you would like to show your appreciation for his hard work, please consider buying him a coffee below:
K10: buymeacoffee.com/gothamfury
K13: How to Contribute If you're interested in helping me keep this updated or, have any questions, corrections or suggestions, please let me know! You can reach me via my reddit profile page here:
C15: All Inclusive Resort Ratings (latest update)
C18: Quick Tips The filters on the RESORTS tab work best if you work from left to right, selecting only the filters you need. You can reset filters by selecting their default value (in blue) or for any of the multi-select dropdowns, pressing delete once while the dropdown is selected. If you delete the actual dropdown, use CTRL-Z or COMMAND-Z to undo. Some dropdowns have checkboxes below them that allow you to modify the filter to exclude or include the selected options. Most filter headers have tooltip hints that appear when you hover over them. The DATA sheet is also available if you prefer to filter and sort using the native filter feature Google Sheets offers. | K18: @TheRealGuncho
J22: North Star Ratings System Explanation
J23: Hotel Rankings: Northstar Travel’s 10-Tier Classification System

Sheet RESORTS
A1: START w/ STEPS 1 & 2, then WORK LEFT to RIGHT | D1: {=XLOOKUP(D4,ResortsDD!D2:D2006,ResortsDD!E2:E2006,,0)} -> ALL | K1: =IFERROR(__xludf.DUMMYFUNCTION("IF(ISBLANK(K4),,LET(selected,REGEXREPLACE(JOIN(""|"",SPLIT(K4,"", "",FALSE)),""\+"",""\\+""), selected))"),"") | L1: =IFERROR(__xludf.DUMMYFUNCTION("IF(ISBLANK(L4),,LET(selected,JOIN(""|"",SPLIT(L4,"", "",FALSE)), IF(L5, JOIN(""|"",FILTER(TOCOL(ResortsDD!L2:L2006,1),NOT(REGEXMATCH(TOCOL(ResortsDD!L2:L2006,1),selected)))), selected)))"),"") | M1: =IFERROR(__xludf.DUMMYFUNCTION("IF(ISBLANK(M4),,LET(selected,JOIN(""|"",SPLIT(M4,"", "",FALSE)), IF(M5, JOIN(""|"",FILTER(TOCOL(ResortsDD!M2:M2006,1),NOT(REGEXMATCH(TOCOL(ResortsDD!M2:M2006,1),selected)))), selected)))"),"") | N1: =IFERROR(__xludf.DUMMYFUNCTION("IF(ISBLANK(N4),,LET(selected,JOIN(""|"",SPLIT(N4,"", "",FALSE)), IF(N5, JOIN(""|"",FILTER(TOCOL(ResortsDD!N2:N2006,1),NOT(REGEXMATCH(TOCOL(ResortsDD!N2:N2006,1),selected)))), selected)))"),"") | O1: =IF(O4,O4,) | P1: {=XLOOKUP(P4,ResortsDD!O2:O2006,ResortsDD!P2:P2006,,0)} -> ALL | Q1: =IFERROR(__xludf.DUMMYFUNCTION("IF(ISBLANK(Q4),,JOIN(""|"",SPLIT(Q4,"", "",FALSE)))"),"") | R1: =IFERROR(__xludf.DUMMYFUNCTION("IF(ISBLANK(R4),,JOIN("".*"",SORT(TOCOL(SPLIT(R4,"", "",FALSE)))))"),"") | S1: =IFERROR(__xludf.DUMMYFUNCTION("IF(ISBLANK(S4),,JOIN("".*"",SORT(TOCOL(SPLIT(S4,"", "",FALSE)))))"),"") | T1: =IF(T4,T4,) | U1: =IFERROR(__xludf.DUMMYFUNCTION("IF(ISBLANK(U4),,""^""&JOIN(""$|^"",SPLIT(U4,"", "",FALSE))&""$"")"),"") | V1: =IF(V4,V4,) | W1: {=IF(ISBLANK(W4),,XLOOKUP(W4,ResortsDD!W2:W2006,ResortsDD!X2:X2006,,0))} -> ALL | X1: {=IF(ISBLANK(X4),,XLOOKUP(X4,ResortsDD!Y2:Y2006,ResortsDD!Z2:Z2006,,0))} -> ALL | Y1: {=IF(ISBLANK(Y4),,XLOOKUP(Y4,ResortsDD!AA2:AA2006,ResortsDD!AB2:AB2006,,0))} -> ALL
A2: Skip Any Filters. Hover Over Headings for More Info. | B2: ► | C2: STEP 1 | D2: STEP 2 | G2: FILTER BY RATINGS | L2: FILTER BY LOCATION* | Q2: FILTER BY HOTEL BRAND / STYLE* | S2: FILTER BY HOTEL FEATURES / ACCOMODATIONS*
A3: =IFERROR(__xludf.DUMMYFUNCTION("LET(filters,TEXTJOIN("", "",TRUE, IF(C4<>""ALL"",C4,), IF(D4<>""The Sky's the Limit!"",E5&"" ""&D4,), TEXTJOIN("", "",TRUE,IFNA(FILTER(G7:J7,G4:J4<>""ALL""),)), TEXTJOIN("", "",TRUE,IFNA(FILTER(K3:N3,K4:N4<>""""),)), IF(O4,""Direct Flight"",), IF(P4<>""AL"&"L"",""To/From Airport"",), TEXTJOIN("", "",TRUE,IFNA(FILTER(Q3:S3,Q4:S4<>""""),)), IF(T4,""Connecting Rooms"",), IF(U4<>"""",""Beds"",), IF(V4,""High Rise"",), TEXTJOIN("", "",TRUE,IFNA(FILTER(W3:Y3,W4:Y4<>""ALL""),))), IF(LEN(filters),""Filtering By: "" "&"& filters,""SELECT A FILTER >""))"),"SELECT A FILTER >") -> SELECT A FILTER > | C3: Select One | D3: Select Your Budget | G3: Select a Rating | K3: No Go | L3: Country | M3: Area | N3: Airport | O3: Direct | P3: Time | Q3: Hotel Brand | R3: Hotel Style | S3: Features | T3: Connecting Rooms? | U3: Beds | V3: High Rise | W3: # of Rooms | X3: Year Built | Y3: Year Renovated
C4: ALL | D4: The Sky's the Limit! | G4: ALL | H4: ALL | I4: ALL | J4: ALL | O4: FALSE | P4: ALL | T4: FALSE | V4: FALSE | W4: ALL | X4: ALL | Y4: ALL
D5: Currency: | E5: USD | K5: TRUE | L5: TRUE | M5: TRUE | N5: TRUE
B6: FALSE | F6: FALSE | K6: =IFERROR(__xludf.DUMMYFUNCTION("IF(ISBLANK(K4),,IF(K5,""Exclude ""&IF(COUNTA(SPLIT(K4,"",""))>1,""Options"",""Option""),))"),"") | L6: =IFERROR(__xludf.DUMMYFUNCTION("IF(ISBLANK(L4),,IF(L5,""Exclude "",""Include "") & IF(COUNTA(SPLIT(L4,"",""))>1,""Countries"",""Country""))"),"") | M6: =IFERROR(__xludf.DUMMYFUNCTION("IF(ISBLANK(M4),,IF(M5,""Exclude "",""Include "") & IF(COUNTA(SPLIT(M4,"",""))>1,""Areas"",""Area""))"),"") | N6: =IFERROR(__xludf.DUMMYFUNCTION("IF(ISBLANK(N4),,IF(N5,""Exclude "",""Include "") & IF(COUNTA(SPLIT(N4,"",""))>1,""Airports"",""Airport""))"),"")
A7: ="Resorts (" & COUNTIFS(A8:A2006,"<>", A8:A2006,"<>No Resorts Match Your Filter Criteria") & " Found)" -> Resorts (445 Found) | B7: Avg User Rating | C7: Family / Adults Only | D7: Direct USD 2025 | E7: Direct CAD 2025 | F7: Value Ratio | G7: AAA | H7: Northstar | I7: Hyatt | J7: Hotel Class | K7: No Go | L7: Country | M7: Area | N7: Airport | O7: Direct Flight | P7: To / From Airport | Q7: Hotel Brand | R7: Hotel Style | S7: Features | T7: Guaranteed Connecting Rooms | U7: Beds | V7: High Rise | W7: # of Rooms | X7: Year Built | Y7: Year Renovated | Z7: Floors
A8: =IFERROR(__xludf.DUMMYFUNCTION("LET(r,IFNA(FILTER({DATA!A2:F2006,DATA!R2:AK2006}, NOT(REGEXMATCH(DATA!V2:V2006,TEXTJOIN(""|"",TRUE,TOCOL(ResortsDD!A2:A2006,1)))), IF(RESORTS!B6,DATA!B2:B2006<9^9,DATA!B2:B2006>=85), REGEXMATCH(DATA!C2:C2006,IF(RESORTS!C4=""ALL"","".*"",RESORTS!C4)), IF(O"&"R(ISTEXT(RESORTS!D1),RESORTS!E5<>""USD""),DATA!D2:D2006<9^9,(DATA!D2:D2006<=RESORTS!D1)*NOT(ISBLANK(DATA!D2:D2006))), IF(OR(ISTEXT(RESORTS!D1),RESORTS!E5<>""CAD""),DATA!E2:E2006<9^9,(DATA!E2:E2006<=RESORTS!D1)*NOT(ISBLANK(DATA!E2:E2006))), IF(RESORTS!G4="&"""ALL"",NOT(ISBLANK(DATA!R2:R2006))+ISBLANK(DATA!R2:R2006),IF(RESORTS!G4=""Approved"",(DATA!R2:R2006>0)*NOT(ISBLANK(DATA!R2:R2006)),(DATA!R2:R2006>=RESORTS!G4)*(DATA!R2:R2006<>""Approved""))), IF(RESORTS!H4=""ALL"",NOT(ISBLANK(DATA!S2:S2006))+ISBLANK(DATA"&"!S2:S2006),DATA!S2:S2006>=RESORTS!H4), IF(RESORTS!I4=""ALL"",NOT(ISBLANK(DATA!T2:T2006))+ISBLANK(DATA!T2:T2006),DATA!T2:T2006>=RESORTS!I4), IF(RESORTS!J4=""ALL"",NOT(ISBLANK(DATA!U2:U2006))+ISBLANK(DATA!U2:U2006),DATA!U2:U2006>=RESORTS!J4), IF(ISBLANK(RES"&"ORTS!K4),REGEXMATCH(DATA!V2:V2006,"".*""),IF(RESORTS!K5,NOT(REGEXMATCH(DATA!V2:V2006,RESORTS!K1)),REGEXMATCH(DATA!V2:V2006,RESORTS!K1))), REGEXMATCH(DATA!W2:W2006,IF(ISBLANK(RESORTS!L4),"".*"",RESORTS!L1)), REGEXMATCH(DATA!X2:X2006,IF(ISBLANK(RESORTS!M4),"&""".*"",RESORTS!M1)), REGEXMATCH(DATA!Y2:Y2006,IF(ISBLANK(RESORTS!N4),"".*"",RESORTS!N1)), IF(RESORTS!O4,DATA!Z2:Z2006=TRUE,REGEXMATCH(TO_TEXT(DATA!Z2:Z2006),"".*"")), IF(RESORTS!P4=""ALL"",DATA!AA2:AA2006<9^9,(DATA!AA2:AA2006<=RESORTS!P1)*NOT(ISBLANK(DATA"&"!AA2:AA2006))), REGEXMATCH(DATA!AB2:AB2006,IF(ISBLANK(RESORTS!Q4),"".*"",RESORTS!Q1)), REGEXMATCH(DATA!AL2:AL2006,IF(ISBLANK(RESORTS!R4),"".*"",RESORTS!R1)), REGEXMATCH(DATA!AM2:AM2006,IF(ISBLANK(RESORTS!S4),"".*"",RESORTS!S1)), IF(RESORTS!T4,REGEXMATCH(D"&"ATA!AE2:AE2006,TEXTJOIN(""|"",TRUE,TOCOL(ResortsDD!B2:B2006,1))),REGEXMATCH(DATA!AE2:AE2006,"".*"")), REGEXMATCH(DATA!AF2:AF2006,IF(ISBLANK(RESORTS!U4),"".*"",RESORTS!U1)), IF(RESORTS!V4,DATA!AG2:AG2006=FALSE,REGEXMATCH(TO_TEXT(DATA!AG2:AG2006),"".*"")), "&"IF(RESORTS!W4=""ALL"",DATA!AH2:AH2006<9^9,(DATA!AH2:AH2006<=RESORTS!W1)*NOT(ISBLANK(DATA!AH2:AH2006))), IF(RESORTS!X4=""ALL"",DATA!AI2:AI2006<9^9,(DATA!AI2:AI2006>=YEAR(TODAY())-RESORTS!X1)*NOT(ISBLANK(DATA!AI2:AI2006))), IF(RESORTS!Y4=""ALL"",DATA!AJ2:AJ"&"2006<9^9,(DATA!AJ2:AJ2006>=YEAR(TODAY())-RESORTS!Y1)*NOT(ISBLANK(DATA!AJ2:AJ2006))) ),""na""), IF(r=""na"",""No Resorts Match Your Filter Criteria"", SORT(r,IF(RESORTS!F6,6,2),0,4,1)))"),"Coco Plum Island Resort") -> Coco Plum Island Resort | B8: =IFERROR(__xludf.DUMMYFUNCTION("""COMPUTED_VALUE"""),98.5) -> 98.5 | C8: =IFERROR(__xludf.DUMMYFUNCTION("""COMPUTED_VALUE"""),"Adults Only") -> Adults Only | D8: =IFERROR(__xludf.DUMMYFUNCTION("""COMPUTED_VALUE"""),5799.99) -> 5799.99 | E8: =IFERROR(__xludf.DUMMYFUNCTION("""COMPUTED_VALUE"""),8010.075609500998) -> 8010.0756 | F8: =IFERROR(__xludf.DUMMYFUNCTION("""COMPUTED_VALUE"""),3.19) -> 3.19 | L8: =IFERROR(__xludf.DUMMYFUNCTION("""COMPUTED_VALUE"""),"Belize") -> Belize | M8: =IFERROR(__xludf.DUMMYFUNCTION("""COMPUTED_VALUE"""),"Coco Plum Cay") -> Coco Plum Cay | N8: =IFERROR(__xludf.DUMMYFUNCTION("""COMPUTED_VALUE"""),"Philip S.W. Goldson") -> Philip S.W. Goldson | O8: =IFERROR(__xludf.DUMMYFUNCTION("""COMPUTED_VALUE"""),TRUE) -> TRUE | R8: =IFERROR(__xludf.DUMMYFUNCTION("""COMPUTED_VALUE"""),"Romantic, Great View") -> Romantic, Great View | S8: =IFERROR(__xludf.DUMMYFUNCTION("""COMPUTED_VALUE"""),"Beach, Wifi (Free), Diving, Fishing, Yoga Classes") -> Beach, Wifi (Free), Diving, Fishing, Yoga Classes | V8: =IFERROR(__xludf.DUMMYFUNCTION("""COMPUTED_VALUE"""),FALSE) -> FALSE
A9: =IFERROR(__xludf.DUMMYFUNCTION("""COMPUTED_VALUE"""),"The Aerial BVI (Non refundable)") -> The Aerial BVI (Non refundable) | B9: =IFERROR(__xludf.DUMMYFUNCTION("""COMPUTED_VALUE"""),98.5) -> 98.5 | C9: =IFERROR(__xludf.DUMMYFUNCTION("""COMPUTED_VALUE"""),"Family") -> Family | D9: =IFERROR(__xludf.DUMMYFUNCTION("""COMPUTED_VALUE"""),18917.5) -> 18917.5 | E9: =IFERROR(__xludf.DUMMYFUNCTION("""COMPUTED_VALUE"""),26126.011483249997) -> 26126.011 | F9: =IFERROR(__xludf.DUMMYFUNCTION("""COMPUTED_VALUE"""),0.98) -> 0.98 | K9: =IFERROR(__xludf.DUMMYFUNCTION("""COMPUTED_VALUE"""),"Max 3 per Room, Non Refundable") -> Max 3 per Room, Non Refundable | L9: =IFERROR(__xludf.DUMMYFUNCTION("""COMPUTED_VALUE"""),"British Virgin Islands") -> British Virgin Islands | M9: =IFERROR(__xludf.DUMMYFUNCTION("""COMPUTED_VALUE"""),"Buck Island") -> Buck Island | N9: =IFERROR(__xludf.DUMMYFUNCTION("""COMPUTED_VALUE"""),"Beef Island") -> Beef Island | O9: =IFERROR(__xludf.DUMMYFUNCTION("""COMPUTED_VALUE"""),FALSE) -> FALSE | P9: =IFERROR(__xludf.DUMMYFUNCTION("""COMPUTED_VALUE"""),0.008333333333333333) -> 0.0083333333 | S9: =IFERROR(__xludf.DUMMYFUNCTION("""COMPUTED_VALUE"""),"Beach, Heated Pool, Wifi (Free), Spa, Gym, Horseback Riding, Watersports Equipment Rentals, Hiking, Snorkelling, Yoga Classes") -> Beach, Heated Pool, Wifi (Free), Spa, Gym, Horseback Riding, Watersports Equipment Rentals, Hiking, Snorkelling, Yoga Classes | U9: =IFERROR(__xludf.DUMMYFUNCTION("""COMPUTED_VALUE"""),"1 King") -> 1 King | V9: =IFERROR(__xludf.DUMMYFUNCTION("""COMPUTED_VALUE"""),FALSE) -> FALSE
A10: =IFERROR(__xludf.DUMMYFUNCTION("""COMPUTED_VALUE"""),"The Beachfront By The Fives Hotels") -> The Beachfront By The Fives Hotels | B10: =IFERROR(__xludf.DUMMYFUNCTION("""COMPUTED_VALUE"""),98.0) -> 98 | C10: =IFERROR(__xludf.DUMMYFUNCTION("""COMPUTED_VALUE"""),"Adults Only") -> Adults Only | D10: =IFERROR(__xludf.DUMMYFUNCTION("""COMPUTED_VALUE"""),5114.0) -> 5114 | E10: =IFERROR(__xludf.DUMMYFUNCTION("""COMPUTED_VALUE"""),7062.689188599999) -> 7062.6892 | F10: =IFERROR(__xludf.DUMMYFUNCTION("""COMPUTED_VALUE"""),3.52) -> 3.52 | H10: =IFERROR(__xludf.DUMMYFUNCTION("""COMPUTED_VALUE"""),"NYR") -> NYR | J10: =IFERROR(__xludf.DUMMYFUNCTION("""COMPUTED_VALUE"""),2.0) -> 2 | L10: =IFERROR(__xludf.DUMMYFUNCTION("""COMPUTED_VALUE"""),"Mexico") -> Mexico | M10: =IFERROR(__xludf.DUMMYFUNCTION("""COMPUTED_VALUE"""),"Playa del Carmen") -> Playa del Carmen | N10: =IFERROR(__xludf.DUMMYFUNCTION("""COMPUTED_VALUE"""),"Cancun") -> Cancun | O10: =IFERROR(__xludf.DUMMYFUNCTION("""COMPUTED_VALUE"""),TRUE) -> TRUE | P10: =IFERROR(__xludf.DUMMYFUNCTION("""COMPUTED_VALUE"""),0.030555555555555555) -> 0.030555556 | Q10: =IFERROR(__xludf.DUMMYFUNCTION("""COMPUTED_VALUE"""),"The Fives Hotels") -> The Fives Hotels | R10: =IFERROR(__xludf.DUMMYFUNCTION("""COMPUTED_VALUE"""),"Boutique, Business") -> Boutique, Business | S10: =IFERROR(__xludf.DUMMYFUNCTION("""COMPUTED_VALUE"""),"Beach, Swim Out/Plunge Pool Rooms, Gym, Spa, Wifi (Free), Snorkelling, Room Service") -> Beach, Swim Out/Plunge Pool Rooms, Gym, Spa, Wifi (Free), Snorkelling, Room Service | V10: =IFERROR(__xludf.DUMMYFUNCTION("""COMPUTED_VALUE"""),FALSE) -> FALSE | W10: =IFERROR(__xludf.DUMMYFUNCTION("""COMPUTED_VALUE"""),50.0) -> 50 | X10: =IFERROR(__xludf.DUMMYFUNCTION("""COMPUTED_VALUE"""),2023.0) -> 2023 | Z10: =IFERROR(__xludf.DUMMYFUNCTION("""COMPUTED_VALUE"""),3.0) -> 3
A11: =IFERROR(__xludf.DUMMYFUNCTION("""COMPUTED_VALUE"""),"Guana Island") -> Guana Island | B11: =IFERROR(__xludf.DUMMYFUNCTION("""COMPUTED_VALUE"""),98.0) -> 98 | C11: =IFERROR(__xludf.DUMMYFUNCTION("""COMPUTED_VALUE"""),"Family") -> Family | D11: =IFERROR(__xludf.DUMMYFUNCTION("""COMPUTED_VALUE"""),24367.0) -> 24367 | E11: =IFERROR(__xludf.DUMMYFUNCTION("""COMPUTED_VALUE"""),33652.04291329999) -> 33652.043 | F11: =IFERROR(__xludf.DUMMYFUNCTION("""COMPUTED_VALUE"""),0.74) -> 0.74 | H11: =IFERROR(__xludf.DUMMYFUNCTION("""COMPUTED_VALUE"""),7.0) -> 7 | J11: =IFERROR(__xludf.DUMMYFUNCTION("""COMPUTED_VALUE"""),4.0) -> 4 | K11: =IFERROR(__xludf.DUMMYFUNCTION("""COMPUTED_VALUE"""),"Max 3 per Room") -> Max 3 per Room | L11: =IFERROR(__xludf.DUMMYFUNCTION("""COMPUTED_VALUE"""),"British Virgin Islands") -> British Virgin Islands | M11: =IFERROR(__xludf.DUMMYFUNCTION("""COMPUTED_VALUE"""),"Guana Island") -> Guana Island | N11: =IFERROR(__xludf.DUMMYFUNCTION("""COMPUTED_VALUE"""),"Beef Island") -> Beef Island | O11: =IFERROR(__xludf.DUMMYFUNCTION("""COMPUTED_VALUE"""),FALSE) -> FALSE | R11: =IFERROR(__xludf.DUMMYFUNCTION("""COMPUTED_VALUE"""),"Quiet") -> Quiet | S11: =IFERROR(__xludf.DUMMYFUNCTION("""COMPUTED_VALUE"""),"Beach, Swim Out/Plunge Pool Rooms, Family Suite, 2 Bedroom Suites, Wifi (Paid), Tennis, Snorkelling, Buffet") -> Beach, Swim Out/Plunge Pool Rooms, Family Suite, 2 Bedroom Suites, Wifi (Paid), Tennis, Snorkelling, Buffet | T11: =IFERROR(__xludf.DUMMYFUNCTION("""COMPUTED_VALUE"""),"Can't Book Two Rooms") -> Can't Book Two Rooms | U11: =IFERROR(__xludf.DUMMYFUNCTION("""COMPUTED_VALUE"""),"1 King") -> 1 King | V11: =IFERROR(__xludf.DUMMYFUNCTION("""COMPUTED_VALUE"""),FALSE) -> FALSE | W11: =IFERROR(__xludf.DUMMYFUNCTION("""COMPUTED_VALUE"""),18.0) -> 18 | X11: =IFERROR(__xludf.DUMMYFUNCTION("""COMPUTED_VALUE"""),1930.0) -> 1930 | Y11: =IFERROR(__xludf.DUMMYFUNCTION("""COMPUTED_VALUE"""),2011.0) -> 2011 | Z11: =IFERROR(__xludf.DUMMYFUNCTION("""COMPUTED_VALUE"""),1.0) -> 1
A12: =IFERROR(__xludf.DUMMYFUNCTION("""COMPUTED_VALUE"""),"Serenity at Coconut Bay") -> Serenity at Coconut Bay | B12: =IFERROR(__xludf.DUMMYFUNCTION("""COMPUTED_VALUE"""),97.8) -> 97.8 | C12: =IFERROR(__xludf.DUMMYFUNCTION("""COMPUTED_VALUE"""),"Adults Only") -> Adults Only | D12: =IFERROR(__xludf.DUMMYFUNCTION("""COMPUTED_VALUE"""),22400.0) -> 22400 | E12: =IFERROR(__xludf.DUMMYFUNCTION("""COMPUTED_VALUE"""),30935.517759999995) -> 30935.518 | F12: =IFERROR(__xludf.DUMMYFUNCTION("""COMPUTED_VALUE"""),0.79) -> 0.79 | H12: =IFERROR(__xludf.DUMMYFUNCTION("""COMPUTED_VALUE"""),9.0) -> 9 | J12: =IFERROR(__xludf.DUMMYFUNCTION("""COMPUTED_VALUE"""),5.0) -> 5 | L12: =IFERROR(__xludf.DUMMYFUNCTION("""COMPUTED_VALUE"""),"Saint Lucia") -> Saint Lucia | M12: =IFERROR(__xludf.DUMMYFUNCTION("""COMPUTED_VALUE"""),"Vieux Fort") -> Vieux Fort | N12: =IFERROR(__xludf.DUMMYFUNCTION("""COMPUTED_VALUE"""),"Hewanorra") -> Hewanorra | O12: =IFERROR(__xludf.DUMMYFUNCTION("""COMPUTED_VALUE"""),FALSE) -> FALSE | P12: =IFERROR(__xludf.DUMMYFUNCTION("""COMPUTED_VALUE"""),0.003472222222222222) -> 0.0034722222 | R12: =IFERROR(__xludf.DUMMYFUNCTION("""COMPUTED_VALUE"""),"Luxury") -> Luxury | S12: =IFERROR(__xludf.DUMMYFUNCTION("""COMPUTED_VALUE"""),"Beach, Swim Out/Plunge Pool Rooms, Gym, Spa, Wifi (Free), Tennis, Snorkelling, Room Service, Evening Entertainment") -> Beach, Swim Out/Plunge Pool Rooms, Gym, Spa, Wifi (Free), Tennis, Snorkelling, Room Service, Evening Entertainment | V12: =IFERROR(__xludf.DUMMYFUNCTION("""COMPUTED_VALUE"""),FALSE) -> FALSE | W12: =IFERROR(__xludf.DUMMYFUNCTION("""COMPUTED_VALUE"""),36.0) -> 36
A13: =IFERROR(__xludf.DUMMYFUNCTION("""COMPUTED_VALUE"""),"Fairmont Heritage Place Mayakoba") -> Fairmont Heritage Place Mayakoba | B13: =IFERROR(__xludf.DUMMYFUNCTION("""COMPUTED_VALUE"""),97.7) -> 97.7 | C13: =IFERROR(__xludf.DUMMYFUNCTION("""COMPUTED_VALUE"""),"Family") -> Family | D13: =IFERROR(__xludf.DUMMYFUNCTION("""COMPUTED_VALUE"""),28355.67) -> 28355.67 | E13: =IFERROR(__xludf.DUMMYFUNCTION("""COMPUTED_VALUE"""),39160.59521793299) -> 39160.595 | F13: =IFERROR(__xludf.DUMMYFUNCTION("""COMPUTED_VALUE"""),0.62) -> 0.62 | G13: =IFERROR(__xludf.DUMMYFUNCTION("""COMPUTED_VALUE"""),5.0) -> 5 | H13: =IFERROR(__xludf.DUMMYFUNCTION("""COMPUTED_VALUE"""),9.0) -> 9 | J13: =IFERROR(__xludf.DUMMYFUNCTION("""COMPUTED_VALUE"""),5.0) -> 5 | L13: =IFERROR(__xludf.DUMMYFUNCTION("""COMPUTED_VALUE"""),"Mexico") -> Mexico | M13: =IFERROR(__xludf.DUMMYFUNCTION("""COMPUTED_VALUE"""),"Playa del Carmen") -> Playa del Carmen | N13: =IFERROR(__xludf.DUMMYFUNCTION("""COMPUTED_VALUE"""),"Cancun") -> Cancun | O13: =IFERROR(__xludf.DUMMYFUNCTION("""COMPUTED_VALUE"""),TRUE) -> TRUE | P13: =IFERROR(__xludf.DUMMYFUNCTION("""COMPUTED_VALUE"""),0.02847222222222222) -> 0.028472222 | Q13: =IFERROR(__xludf.DUMMYFUNCTION("""COMPUTED_VALUE"""),"Fairmont") -> Fairmont | R13: =IFERROR(__xludf.DUMMYFUNCTION("""COMPUTED_VALUE"""),"Luxury, Business") -> Luxury, Business | S13: =IFERROR(__xludf.DUMMYFUNCTION("""COMPUTED_VALUE"""),"Beach, Family Suite, 2 Bedroom Suites, Kids Club, Gym, Golf Course, Tennis, Spa, Wifi (Free), Babysitting, Archery, Snorkelling, Windsurfing, Pets Allowed, Bicycles Available, Hiking, Watersports Equipment Rentals, Yoga Classes, Room Service, Evening Ente"&"rtainment") -> Beach, Family Suite, 2 Bedroom Suites, Kids Club, Gym, Golf Course, Tennis, Spa, Wifi (Free), Babysitting, Archery, Snorkelling, Windsurfing, Pets Allowed, Bicycles Available, Hiking, Watersports Equipment Rentals, Yoga Classes, Room Service, Evening Entertainment | U13: =IFERROR(__xludf.DUMMYFUNCTION("""COMPUTED_VALUE"""),"2 King and 2 Twin w Trundle") -> 2 King and 2 Twin w Trundle | V13: =IFERROR(__xludf.DUMMYFUNCTION("""COMPUTED_VALUE"""),FALSE) -> FALSE | W13: =IFERROR(__xludf.DUMMYFUNCTION("""COMPUTED_VALUE"""),401.0) -> 401 | X13: =IFERROR(__xludf.DUMMYFUNCTION("""COMPUTED_VALUE"""),2006.0) -> 2006 | Y13: =IFERROR(__xludf.DUMMYFUNCTION("""COMPUTED_VALUE"""),2022.0) -> 2022 | Z13: =IFERROR(__xludf.DUMMYFUNCTION("""COMPUTED_VALUE"""),2.0) -> 2
A14: =IFERROR(__xludf.DUMMYFUNCTION("""COMPUTED_VALUE"""),"Villa on Dunbar Rock") -> Villa on Dunbar Rock | B14: =IFERROR(__xludf.DUMMYFUNCTION("""COMPUTED_VALUE"""),97.5) -> 97.5 | C14: =IFERROR(__xludf.DUMMYFUNCTION("""COMPUTED_VALUE"""),"Adults Only") -> Adults Only | D14: =IFERROR(__xludf.DUMMYFUNCTION("""COMPUTED_VALUE"""),4867.14) -> 4867.14 | E14: =IFERROR(__xludf.DUMMYFUNCTION("""COMPUTED_VALUE"""),6721.763210286) -> 6721.7632 | F14: =IFERROR(__xludf.DUMMYFUNCTION("""COMPUTED_VALUE"""),3.6) -> 3.6 | L14: =IFERROR(__xludf.DUMMYFUNCTION("""COMPUTED_VALUE"""),"Honduras") -> Honduras | M14: =IFERROR(__xludf.DUMMYFUNCTION("""COMPUTED_VALUE"""),"Guanaja") -> Guanaja | N14: =IFERROR(__xludf.DUMMYFUNCTION("""COMPUTED_VALUE"""),"Roatan") -> Roatan | O14: =IFERROR(__xludf.DUMMYFUNCTION("""COMPUTED_VALUE"""),FALSE) -> FALSE | R14: =IFERROR(__xludf.DUMMYFUNCTION("""COMPUTED_VALUE"""),"Harbour View, Bay View") -> Harbour View, Bay View | S14: =IFERROR(__xludf.DUMMYFUNCTION("""COMPUTED_VALUE"""),"Beach, Wifi (Free), Gym, Diving, Snorkelling") -> Beach, Wifi (Free), Gym, Diving, Snorkelling | V14: =IFERROR(__xludf.DUMMYFUNCTION("""COMPUTED_VALUE"""),FALSE) -> FALSE
A15: =IFERROR(__xludf.DUMMYFUNCTION("""COMPUTED_VALUE"""),"Hammock Cove Antigua") -> Hammock Cove Antigua | B15: =IFERROR(__xludf.DUMMYFUNCTION("""COMPUTED_VALUE"""),97.3) -> 97.3 | C15: =IFERROR(__xludf.DUMMYFUNCTION("""COMPUTED_VALUE"""),"Adults Only") -> Adults Only | D15: =IFERROR(__xludf.DUMMYFUNCTION("""COMPUTED_VALUE"""),10155.6) -> 10155.6 | E15: =IFERROR(__xludf.DUMMYFUNCTION("""COMPUTED_VALUE"""),14025.390364439998) -> 14025.39 | F15: =IFERROR(__xludf.DUMMYFUNCTION("""COMPUTED_VALUE"""),1.7) -> 1.7 | H15: =IFERROR(__xludf.DUMMYFUNCTION("""COMPUTED_VALUE"""),7.0) -> 7 | L15: =IFERROR(__xludf.DUMMYFUNCTION("""COMPUTED_VALUE"""),"Antigua") -> Antigua | M15: =IFERROR(__xludf.DUMMYFUNCTION("""COMPUTED_VALUE"""),"Antigua") -> Antigua | N15: =IFERROR(__xludf.DUMMYFUNCTION("""COMPUTED_VALUE"""),"V.C. Bird") -> V.C. Bird | O15: =IFERROR(__xludf.DUMMYFUNCTION("""COMPUTED_VALUE"""),TRUE) -> TRUE | P15: =IFERROR(__xludf.DUMMYFUNCTION("""COMPUTED_VALUE"""),0.021527777777777778) -> 0.021527778 | R15: =IFERROR(__xludf.DUMMYFUNCTION("""COMPUTED_VALUE"""),"Romantic") -> Romantic | S15: =IFERROR(__xludf.DUMMYFUNCTION("""COMPUTED_VALUE"""),"Beach, Gym, Diving, Spa, Wifi (Free), Snorkelling, Fishing, Hiking, Watersports Equipment Rentals, Yoga Classes, Room Service") -> Beach, Gym, Diving, Spa, Wifi (Free), Snorkelling, Fishing, Hiking, Watersports Equipment Rentals, Yoga Classes, Room Service | V15: =IFERROR(__xludf.DUMMYFUNCTION("""COMPUTED_VALUE"""),FALSE) -> FALSE | W15: =IFERROR(__xludf.DUMMYFUNCTION("""COMPUTED_VALUE"""),42.0) -> 42 | X15: =IFERROR(__xludf.DUMMYFUNCTION("""COMPUTED_VALUE"""),2019.0) -> 2019 | Z15: =IFERROR(__xludf.DUMMYFUNCTION("""COMPUTED_VALUE"""),1.0) -> 1
A16: =IFERROR(__xludf.DUMMYFUNCTION("""COMPUTED_VALUE"""),"Grand Velas Los Cabos") -> Grand Velas Los Cabos | B16: =IFERROR(__xludf.DUMMYFUNCTION("""COMPUTED_VALUE"""),97.3) -> 97.3 | C16: =IFERROR(__xludf.DUMMYFUNCTION("""COMPUTED_VALUE"""),"Family") -> Family | D16: =IFERROR(__xludf.DUMMYFUNCTION("""COMPUTED_VALUE"""),13584.0) -> 13584 | E16: =IFERROR(__xludf.DUMMYFUNCTION("""COMPUTED_VALUE"""),18760.1818416) -> 18760.182 | F16: =IFERROR(__xludf.DUMMYFUNCTION("""COMPUTED_VALUE"""),1.27) -> 1.27 | G16: =IFERROR(__xludf.DUMMYFUNCTION("""COMPUTED_VALUE"""),5.0) -> 5 | H16: =IFERROR(__xludf.DUMMYFUNCTION("""COMPUTED_VALUE"""),9.0) -> 9 | J16: =IFERROR(__xludf.DUMMYFUNCTION("""COMPUTED_VALUE"""),5.0) -> 5 | L16: =IFERROR(__xludf.DUMMYFUNCTION("""COMPUTED_VALUE"""),"Mexico") -> Mexico | M16: =IFERROR(__xludf.DUMMYFUNCTION("""COMPUTED_VALUE"""),"Cabo San Lucas") -> Cabo San Lucas | N16: =IFERROR(__xludf.DUMMYFUNCTION("""COMPUTED_VALUE"""),"Los Cabos") -> Los Cabos | O16: =IFERROR(__xludf.DUMMYFUNCTION("""COMPUTED_VALUE"""),TRUE) -> TRUE | P16: =IFERROR(__xludf.DUMMYFUNCTION("""COMPUTED_VALUE"""),0.021527777777777778) -> 0.021527778 | Q16: =IFERROR(__xludf.DUMMYFUNCTION("""COMPUTED_VALUE"""),"Velas Resorts") -> Velas Resorts | R16: =IFERROR(__xludf.DUMMYFUNCTION("""COMPUTED_VALUE"""),"Family") -> Family | S16: =IFERROR(__xludf.DUMMYFUNCTION("""COMPUTED_VALUE"""),"Beach, Great Food, Swim Out/Plunge Pool Rooms, Family Suite, 2 Bedroom Suites, Kids Club, Teen Club, Heated Pool, Gym, Spa, Wifi (Free), Babysitting, Adult Pool, Swim Up Bar, Room Service, Evening Entertainment") -> Beach, Great Food, Swim Out/Plunge Pool Rooms, Family Suite, 2 Bedroom Suites, Kids Club, Teen Club, Heated Pool, Gym, Spa, Wifi (Free), Babysitting, Adult Pool, Swim Up Bar, Room Service, Evening Entertainment | U16: =IFERROR(__xludf.DUMMYFUNCTION("""COMPUTED_VALUE"""),"1 King or 2 Queen") -> 1 King or 2 Queen | V16: =IFERROR(__xludf.DUMMYFUNCTION("""COMPUTED_VALUE"""),TRUE) -> TRUE | W16: =IFERROR(__xludf.DUMMYFUNCTION("""COMPUTED_VALUE"""),304.0) -> 304 | X16: =IFERROR(__xludf.DUMMYFUNCTION("""COMPUTED_VALUE"""),2016.0) -> 2016
A17: =IFERROR(__xludf.DUMMYFUNCTION("""COMPUTED_VALUE"""),"Calabash Hotel (Jan 15 to Mar 15 12+ Allowed, Mar 16 to Dec 20 6+ Allowed, Dec 21 to Jan 14 No age limit)") -> Calabash Hotel (Jan 15 to Mar 15 12+ Allowed, Mar 16 to Dec 20 6+ Allowed, Dec 21 to Jan 14 No age limit) | B17: =IFERROR(__xludf.DUMMYFUNCTION("""COMPUTED_VALUE"""),97.3) -> 97.3 | C17: =IFERROR(__xludf.DUMMYFUNCTION("""COMPUTED_VALUE"""),"Family") -> Family | D17: =IFERROR(__xludf.DUMMYFUNCTION("""COMPUTED_VALUE"""),14420.12) -> 14420.12 | E17: =IFERROR(__xludf.DUMMYFUNCTION("""COMPUTED_VALUE"""),19914.905283988) -> 19914.905 | F17: =IFERROR(__xludf.DUMMYFUNCTION("""COMPUTED_VALUE"""),1.2) -> 1.2 | G17: =IFERROR(__xludf.DUMMYFUNCTION("""COMPUTED_VALUE"""),4.0) -> 4 | H17: =IFERROR(__xludf.DUMMYFUNCTION("""COMPUTED_VALUE"""),9.0) -> 9 | J17: =IFERROR(__xludf.DUMMYFUNCTION("""COMPUTED_VALUE"""),5.0) -> 5 | K17: =IFERROR(__xludf.DUMMYFUNCTION("""COMPUTED_VALUE"""),"Can't Book Kids Online") -> Can't Book Kids Online | L17: =IFERROR(__xludf.DUMMYFUNCTION("""COMPUTED_VALUE"""),"Grenada") -> Grenada | M17: =IFERROR(__xludf.DUMMYFUNCTION("""COMPUTED_VALUE"""),"Lance aux Epines") -> Lance aux Epines | N17: =IFERROR(__xludf.DUMMYFUNCTION("""COMPUTED_VALUE"""),"Point Saline") -> Point Saline | O17: =IFERROR(__xludf.DUMMYFUNCTION("""COMPUTED_VALUE"""),FALSE) -> FALSE | P17: =IFERROR(__xludf.DUMMYFUNCTION("""COMPUTED_VALUE"""),0.005555555555555556) -> 0.0055555556 | R17: =IFERROR(__xludf.DUMMYFUNCTION("""COMPUTED_VALUE"""),"Boutique, Great View") -> Boutique, Great View | S17: =IFERROR(__xludf.DUMMYFUNCTION("""COMPUTED_VALUE"""),"Beach, Swim Out/Plunge Pool Rooms, Gym, Diving, Wifi (Free), Babysitting, Tennis, Snorkelling, Yoga Classes, Room Service") -> Beach, Swim Out/Plunge Pool Rooms, Gym, Diving, Wifi (Free), Babysitting, Tennis, Snorkelling, Yoga Classes, Room Service | T17: =IFERROR(__xludf.DUMMYFUNCTION("""COMPUTED_VALUE"""),"Can Request") -> Can Request | U17: =IFERROR(__xludf.DUMMYFUNCTION("""COMPUTED_VALUE"""),"1 King or 2 Twin") -> 1 King or 2 Twin | V17: =IFERROR(__xludf.DUMMYFUNCTION("""COMPUTED_VALUE"""),FALSE) -> FALSE | W17: =IFERROR(__xludf.DUMMYFUNCTION("""COMPUTED_VALUE"""),30.0) -> 30 | X17: =IFERROR(__xludf.DUMMYFUNCTION("""COMPUTED_VALUE"""),1960.0) -> 1960 | Y17: =IFERROR(__xludf.DUMMYFUNCTION("""COMPUTED_VALUE"""),2022.0) -> 2022 | Z17: =IFERROR(__xludf.DUMMYFUNCTION("""COMPUTED_VALUE"""),2.0) -> 2
A18: =IFERROR(__xludf.DUMMYFUNCTION("""COMPUTED_VALUE"""),"Ambergris Cay Private Island All Inclusive") -> Ambergris Cay Private Island All Inclusive | B18: =IFERROR(__xludf.DUMMYFUNCTION("""COMPUTED_VALUE"""),97.3) -> 97.3 | C18: =IFERROR(__xludf.DUMMYFUNCTION("""COMPUTED_VALUE"""),"Family") -> Family | D18: =IFERROR(__xludf.DUMMYFUNCTION("""COMPUTED_VALUE"""),51097.2) -> 51097.2 | E18: =IFERROR(__xludf.DUMMYFUNCTION("""COMPUTED_VALUE"""),70567.78295027999) -> 70567.783 | F18: =IFERROR(__xludf.DUMMYFUNCTION("""COMPUTED_VALUE"""),0.34) -> 0.34 | J18: =IFERROR(__xludf.DUMMYFUNCTION("""COMPUTED_VALUE"""),5.0) -> 5 | L18: =IFERROR(__xludf.DUMMYFUNCTION("""COMPUTED_VALUE"""),"Turks and Caicos") -> Turks and Caicos | M18: =IFERROR(__xludf.DUMMYFUNCTION("""COMPUTED_VALUE"""),"Big Ambergris Cay") -> Big Ambergris Cay | N18: =IFERROR(__xludf.DUMMYFUNCTION("""COMPUTED_VALUE"""),"Providenciales") -> Providenciales | O18: =IFERROR(__xludf.DUMMYFUNCTION("""COMPUTED_VALUE"""),TRUE) -> TRUE | R18: =IFERROR(__xludf.DUMMYFUNCTION("""COMPUTED_VALUE"""),"Business, Romantic") -> Business, Romantic | S18: =IFERROR(__xludf.DUMMYFUNCTION("""COMPUTED_VALUE"""),"Gym, Bicycles Available, Hiking, Snorkelling, Watersports Equipment Rentals, Evening Entertainment, Wifi (Free), Yoga Classes, Heated Pool, Swim Out/Plunge Pool Rooms, Room Service, Tennis, Windsurfing, Fishing, Babysitting, Spa, 2 Bedroom Suites, Beach, "&"Kids Club") -> Gym, Bicycles Available, Hiking, Snorkelling, Watersports Equipment Rentals, Evening Entertainment, Wifi (Free), Yoga Classes, Heated Pool, Swim Out/Plunge Pool Rooms, Room Service, Tennis, Windsurfing, Fishing, Babysitting, Spa, 2 Bedroom Suites, Beach, Kids Club | U18: =IFERROR(__xludf.DUMMYFUNCTION("""COMPUTED_VALUE"""),"3 Bedrooms") -> 3 Bedrooms | V18: =IFERROR(__xludf.DUMMYFUNCTION("""COMPUTED_VALUE"""),FALSE) -> FALSE
A19: =IFERROR(__xludf.DUMMYFUNCTION("""COMPUTED_VALUE"""),"La Casa de La Playa (16+ Allowed)") -> La Casa de La Playa (16+ Allowed) | B19: =IFERROR(__xludf.DUMMYFUNCTION("""COMPUTED_VALUE"""),96.8) -> 96.8 | C19: =IFERROR(__xludf.DUMMYFUNCTION("""COMPUTED_VALUE"""),"Adults Only") -> Adults Only | D19: =IFERROR(__xludf.DUMMYFUNCTION("""COMPUTED_VALUE"""),22948.44) -> 22948.44 | E19: =IFERROR(__xludf.DUMMYFUNCTION("""COMPUTED_VALUE"""),31692.940767155993) -> 31692.941 | F19: =IFERROR(__xludf.DUMMYFUNCTION("""COMPUTED_VALUE"""),0.73) -> 0.73 | H19: =IFERROR(__xludf.DUMMYFUNCTION("""COMPUTED_VALUE"""),"NYR") -> NYR | J19: =IFERROR(__xludf.DUMMYFUNCTION("""COMPUTED_VALUE"""),5.0) -> 5 | K19: =IFERROR(__xludf.DUMMYFUNCTION("""COMPUTED_VALUE"""),"16+ Allowed") -> 16+ Allowed | L19: =IFERROR(__xludf.DUMMYFUNCTION("""COMPUTED_VALUE"""),"Mexico") -> Mexico | M19: =IFERROR(__xludf.DUMMYFUNCTION("""COMPUTED_VALUE"""),"Playa del Carmen") -> Playa del Carmen | N19: =IFERROR(__xludf.DUMMYFUNCTION("""COMPUTED_VALUE"""),"Cancun") -> Cancun | O19: =IFERROR(__xludf.DUMMYFUNCTION("""COMPUTED_VALUE"""),TRUE) -> TRUE | P19: =IFERROR(__xludf.DUMMYFUNCTION("""COMPUTED_VALUE"""),0.04027777777777778) -> 0.040277778 | Q19: =IFERROR(__xludf.DUMMYFUNCTION("""COMPUTED_VALUE"""),"Hoteles Xcaret") -> Hoteles Xcaret | R19: =IFERROR(__xludf.DUMMYFUNCTION("""COMPUTED_VALUE"""),"Luxury") -> Luxury | S19: =IFERROR(__xludf.DUMMYFUNCTION("""COMPUTED_VALUE"""),"Beach, Gym, Wifi (Free), Swim Up Bar, Spa, Bicycles Available, Pets Allowed, Snorkelling, Yoga Classes, Room Service") -> Beach, Gym, Wifi (Free), Swim Up Bar, Spa, Bicycles Available, Pets Allowed, Snorkelling, Yoga Classes, Room Service | V19: =IFERROR(__xludf.DUMMYFUNCTION("""COMPUTED_VALUE"""),FALSE) -> FALSE | W19: =IFERROR(__xludf.DUMMYFUNCTION("""COMPUTED_VALUE"""),63.0) -> 63 | X19: =IFERROR(__xludf.DUMMYFUNCTION("""COMPUTED_VALUE"""),2021.0) -> 2021
A20: =IFERROR(__xludf.DUMMYFUNCTION("""COMPUTED_VALUE"""),"Beloved Playa Mujeres (Couples only)") -> Beloved Playa Mujeres (Couples only) | B20: =IFERROR(__xludf.DUMMYFUNCTION("""COMPUTED_VALUE"""),96.7) -> 96.7 | C20: =IFERROR(__xludf.DUMMYFUNCTION("""COMPUTED_VALUE"""),"Adults Only") -> Adults Only | D20: =IFERROR(__xludf.DUMMYFUNCTION("""COMPUTED_VALUE"""),4052.0) -> 4052 | E20: =IFERROR(__xludf.DUMMYFUNCTION("""COMPUTED_VALUE"""),5596.014194799999) -> 5596.0142 | F20: =IFERROR(__xludf.DUMMYFUNCTION("""COMPUTED_VALUE"""),4.12) -> 4.12 | H20: =IFERROR(__xludf.DUMMYFUNCTION("""COMPUTED_VALUE"""),9.0) -> 9 | J20: =IFERROR(__xludf.DUMMYFUNCTION("""COMPUTED_VALUE"""),5.0) -> 5 | K20: =IFERROR(__xludf.DUMMYFUNCTION("""COMPUTED_VALUE"""),"Couples Only") -> Couples Only | L20: =IFERROR(__xludf.DUMMYFUNCTION("""COMPUTED_VALUE"""),"Mexico") -> Mexico | M20: =IFERROR(__xludf.DUMMYFUNCTION("""COMPUTED_VALUE"""),"Playa Mujeres") -> Playa Mujeres | N20: =IFERROR(__xludf.DUMMYFUNCTION("""COMPUTED_VALUE"""),"Cancun") -> Cancun | O20: =IFERROR(__xludf.DUMMYFUNCTION("""COMPUTED_VALUE"""),TRUE) -> TRUE | P20: =IFERROR(__xludf.DUMMYFUNCTION("""COMPUTED_VALUE"""),0.025) -> 0.025 | Q20: =IFERROR(__xludf.DUMMYFUNCTION("""COMPUTED_VALUE"""),"The Excellence Collection") -> The Excellence Collection | R20: =IFERROR(__xludf.DUMMYFUNCTION("""COMPUTED_VALUE"""),"Boutique, Modern") -> Boutique, Modern | S20: =IFERROR(__xludf.DUMMYFUNCTION("""COMPUTED_VALUE"""),"Beach, Swim Out/Plunge Pool Rooms, Heated Pool, Gym, Diving, Spa, Wifi (Free), Swim Up Bar, Snorkelling, Room Service, Buffet") -> Beach, Swim Out/Plunge Pool Rooms, Heated Pool, Gym, Diving, Spa, Wifi (Free), Swim Up Bar, Snorkelling, Room Service, Buffet | V20: =IFERROR(__xludf.DUMMYFUNCTION("""COMPUTED_VALUE"""),FALSE) -> FALSE | W20: =IFERROR(__xludf.DUMMYFUNCTION("""COMPUTED_VALUE"""),109.0) -> 109 | X20: =IFERROR(__xludf.DUMMYFUNCTION("""COMPUTED_VALUE"""),2009.0) -> 2009 | Z20: =IFERROR(__xludf.DUMMYFUNCTION("""COMPUTED_VALUE"""),4.0) -> 4
A21: =IFERROR(__xludf.DUMMYFUNCTION("""COMPUTED_VALUE"""),"Small Hope Bay Lodge (No TV)") -> Small Hope Bay Lodge (No TV) | B21: =IFERROR(__xludf.DUMMYFUNCTION("""COMPUTED_VALUE"""),96.7) -> 96.7 | C21: =IFERROR(__xludf.DUMMYFUNCTION("""COMPUTED_VALUE"""),"Family") -> Family | D21: =IFERROR(__xludf.DUMMYFUNCTION("""COMPUTED_VALUE"""),8855.0) -> 8855 | E21: =IFERROR(__xludf.DUMMYFUNCTION("""COMPUTED_VALUE"""),12229.196864499998) -> 12229.197 | F21: =IFERROR(__xludf.DUMMYFUNCTION("""COMPUTED_VALUE"""),1.89) -> 1.89 | H21: =IFERROR(__xludf.DUMMYFUNCTION("""COMPUTED_VALUE"""),3.0) -> 3 | J21: =IFERROR(__xludf.DUMMYFUNCTION("""COMPUTED_VALUE"""),3.0) -> 3 | K21: =IFERROR(__xludf.DUMMYFUNCTION("""COMPUTED_VALUE"""),"No TV") -> No TV | L21: =IFERROR(__xludf.DUMMYFUNCTION("""COMPUTED_VALUE"""),"Bahamas") -> Bahamas | M21: =IFERROR(__xludf.DUMMYFUNCTION("""COMPUTED_VALUE"""),"Andros") -> Andros | N21: =IFERROR(__xludf.DUMMYFUNCTION("""COMPUTED_VALUE"""),"Lynden Pindling") -> Lynden Pindling | O21: =IFERROR(__xludf.DUMMYFUNCTION("""COMPUTED_VALUE"""),TRUE) -> TRUE | R21: =IFERROR(__xludf.DUMMYFUNCTION("""COMPUTED_VALUE"""),"Bay View, Romantic") -> Bay View, Romantic | S21: =IFERROR(__xludf.DUMMYFUNCTION("""COMPUTED_VALUE"""),"Beach, Family Suite, 2 Bedroom Suites, Babysitting, Diving, Wifi (Free), Fishing, Bicycles Available, Snorkelling, Pets Allowed, Buffet") -> Beach, Family Suite, 2 Bedroom Suites, Babysitting, Diving, Wifi (Free), Fishing, Bicycles Available, Snorkelling, Pets Allowed, Buffet | U21: =IFERROR(__xludf.DUMMYFUNCTION("""COMPUTED_VALUE"""),"1 King and 3 Twin") -> 1 King and 3 Twin | V21: =IFERROR(__xludf.DUMMYFUNCTION("""COMPUTED_VALUE"""),FALSE) -> FALSE | W21: =IFERROR(__xludf.DUMMYFUNCTION("""COMPUTED_VALUE"""),21.0) -> 21 | X21: =IFERROR(__xludf.DUMMYFUNCTION("""COMPUTED_VALUE"""),1960.0) -> 1960 | Y21: =IFERROR(__xludf.DUMMYFUNCTION("""COMPUTED_VALUE"""),2013.0) -> 2013 | Z21: =IFERROR(__xludf.DUMMYFUNCTION("""COMPUTED_VALUE"""),1.0) -> 1
A22: =IFERROR(__xludf.DUMMYFUNCTION("""COMPUTED_VALUE"""),"Palmaïa The House of AïA All Inclusive Wellness Resort (Vegan)") -> Palmaïa The House of AïA All Inclusive Wellness Resort (Vegan) | B22: =IFERROR(__xludf.DUMMYFUNCTION("""COMPUTED_VALUE"""),96.7) -> 96.7 | C22: =IFERROR(__xludf.DUMMYFUNCTION("""COMPUTED_VALUE"""),"Family") -> Family | D22: =IFERROR(__xludf.DUMMYFUNCTION("""COMPUTED_VALUE"""),13423.9) -> 13423.9 | E22: =IFERROR(__xludf.DUMMYFUNCTION("""COMPUTED_VALUE"""),18539.07575261) -> 18539.076 | F22: =IFERROR(__xludf.DUMMYFUNCTION("""COMPUTED_VALUE"""),1.24) -> 1.24 | H22: =IFERROR(__xludf.DUMMYFUNCTION("""COMPUTED_VALUE"""),9.0) -> 9 | J22: =IFERROR(__xludf.DUMMYFUNCTION("""COMPUTED_VALUE"""),5.0) -> 5 | K22: =IFERROR(__xludf.DUMMYFUNCTION("""COMPUTED_VALUE"""),"Vegan") -> Vegan | L22: =IFERROR(__xludf.DUMMYFUNCTION("""COMPUTED_VALUE"""),"Mexico") -> Mexico | M22: =IFERROR(__xludf.DUMMYFUNCTION("""COMPUTED_VALUE"""),"Playa del Carmen") -> Playa del Carmen | N22: =IFERROR(__xludf.DUMMYFUNCTION("""COMPUTED_VALUE"""),"Cancun") -> Cancun | O22: =IFERROR(__xludf.DUMMYFUNCTION("""COMPUTED_VALUE"""),TRUE) -> TRUE | P22: =IFERROR(__xludf.DUMMYFUNCTION("""COMPUTED_VALUE"""),0.041666666666666664) -> 0.041666667 | R22: =IFERROR(__xludf.DUMMYFUNCTION("""COMPUTED_VALUE"""),"Romantic, Luxury") -> Romantic, Luxury | S22: =IFERROR(__xludf.DUMMYFUNCTION("""COMPUTED_VALUE"""),"Beach, Family Suite, 2 Bedroom Suites, Kids Club, Gym, Swim Up Bar, Spa, Wifi (Free), Babysitting, Diving, Bicycles Available, Snorkelling, Yoga Classes, Room Service") -> Beach, Family Suite, 2 Bedroom Suites, Kids Club, Gym, Swim Up Bar, Spa, Wifi (Free), Babysitting, Diving, Bicycles Available, Snorkelling, Yoga Classes, Room Service | U22: =IFERROR(__xludf.DUMMYFUNCTION("""COMPUTED_VALUE"""),"1 King and 1 Bunk Bed") -> 1 King and 1 Bunk Bed | V22: =IFERROR(__xludf.DUMMYFUNCTION("""COMPUTED_VALUE"""),FALSE) -> FALSE | W22: =IFERROR(__xludf.DUMMYFUNCTION("""COMPUTED_VALUE"""),234.0) -> 234 | X22: =IFERROR(__xludf.DUMMYFUNCTION("""COMPUTED_VALUE"""),2019.0) -> 2019 | Z22: =IFERROR(__xludf.DUMMYFUNCTION("""COMPUTED_VALUE"""),4.0) -> 4
A23: =IFERROR(__xludf.DUMMYFUNCTION("""COMPUTED_VALUE"""),"Palafitos Overwater Bungalows") -> Palafitos Overwater Bungalows | B23: =IFERROR(__xludf.DUMMYFUNCTION("""COMPUTED_VALUE"""),96.7) -> 96.7 | C23: =IFERROR(__xludf.DUMMYFUNCTION("""COMPUTED_VALUE"""),"Adults Only") -> Adults Only | D23: =IFERROR(__xludf.DUMMYFUNCTION("""COMPUTED_VALUE"""),16352.0) -> 16352 | E23: =IFERROR(__xludf.DUMMYFUNCTION("""COMPUTED_VALUE"""),22582.927964799997) -> 22582.928 | F23: =IFERROR(__xludf.DUMMYFUNCTION("""COMPUTED_VALUE"""),1.02) -> 1.02 | H23: =IFERROR(__xludf.DUMMYFUNCTION("""COMPUTED_VALUE"""),"NYR") -> NYR | J23: =IFERROR(__xludf.DUMMYFUNCTION("""COMPUTED_VALUE"""),5.0) -> 5 | L23: =IFERROR(__xludf.DUMMYFUNCTION("""COMPUTED_VALUE"""),"Mexico") -> Mexico | M23: =IFERROR(__xludf.DUMMYFUNCTION("""COMPUTED_VALUE"""),"Playa del Carmen") -> Playa del Carmen | N23: =IFERROR(__xludf.DUMMYFUNCTION("""COMPUTED_VALUE"""),"Cancun") -> Cancun | O23: =IFERROR(__xludf.DUMMYFUNCTION("""COMPUTED_VALUE"""),TRUE) -> TRUE | P23: =IFERROR(__xludf.DUMMYFUNCTION("""COMPUTED_VALUE"""),0.025) -> 0.025 | Q23: =IFERROR(__xludf.DUMMYFUNCTION("""COMPUTED_VALUE"""),"Lomas Hospitality") -> Lomas Hospitality | R23: =IFERROR(__xludf.DUMMYFUNCTION("""COMPUTED_VALUE"""),"Romantic, Luxury") -> Romantic, Luxury | S23: =IFERROR(__xludf.DUMMYFUNCTION("""COMPUTED_VALUE"""),"Beach, Swim Out/Plunge Pool Rooms, Gym, Spa, Wifi (Free), Nightclub, Room Service") -> Beach, Swim Out/Plunge Pool Rooms, Gym, Spa, Wifi (Free), Nightclub, Room Service | V23: =IFERROR(__xludf.DUMMYFUNCTION("""COMPUTED_VALUE"""),FALSE) -> FALSE
A24: =IFERROR(__xludf.DUMMYFUNCTION("""COMPUTED_VALUE"""),"Drake Bay Getaway Resort (Alcohol not included)") -> Drake Bay Getaway Resort (Alcohol not included) | B24: =IFERROR(__xludf.DUMMYFUNCTION("""COMPUTED_VALUE"""),96.5) -> 96.5 | C24: =IFERROR(__xludf.DUMMYFUNCTION("""COMPUTED_VALUE"""),"Family") -> Family | D24: =IFERROR(__xludf.DUMMYFUNCTION("""COMPUTED_VALUE"""),6650.0) -> 6650 | E24: =IFERROR(__xludf.DUMMYFUNCTION("""COMPUTED_VALUE"""),9183.981834999999) -> 9183.9818 | F24: =IFERROR(__xludf.DUMMYFUNCTION("""COMPUTED_VALUE"""),2.48) -> 2.48 | J24: =IFERROR(__xludf.DUMMYFUNCTION("""COMPUTED_VALUE"""),3.0) -> 3 | K24: =IFERROR(__xludf.DUMMYFUNCTION("""COMPUTED_VALUE"""),"Alcohol not included") -> Alcohol not included | L24: =IFERROR(__xludf.DUMMYFUNCTION("""COMPUTED_VALUE"""),"Costa Rica") -> Costa Rica | M24: =IFERROR(__xludf.DUMMYFUNCTION("""COMPUTED_VALUE"""),"Drake Bay") -> Drake Bay | N24: =IFERROR(__xludf.DUMMYFUNCTION("""COMPUTED_VALUE"""),"San Jose Juan Santamaria") -> San Jose Juan Santamaria | O24: =IFERROR(__xludf.DUMMYFUNCTION("""COMPUTED_VALUE"""),TRUE) -> TRUE | P24: =IFERROR(__xludf.DUMMYFUNCTION("""COMPUTED_VALUE"""),0.25277777777777777) -> 0.25277778 | R24: =IFERROR(__xludf.DUMMYFUNCTION("""COMPUTED_VALUE"""),"Modern, Boutique") -> Modern, Boutique | S24: =IFERROR(__xludf.DUMMYFUNCTION("""COMPUTED_VALUE"""),"Beach, Diving, Horseback Riding, Wifi (Free), Hiking, Snorkelling, Fishing") -> Beach, Diving, Horseback Riding, Wifi (Free), Hiking, Snorkelling, Fishing | U24: =IFERROR(__xludf.DUMMYFUNCTION("""COMPUTED_VALUE"""),"1 King and 1 Queen") -> 1 King and 1 Queen | V24: =IFERROR(__xludf.DUMMYFUNCTION("""COMPUTED_VALUE"""),FALSE) -> FALSE
A25: =IFERROR(__xludf.DUMMYFUNCTION("""COMPUTED_VALUE"""),"Jumby Bay Island - An Oetker Collection Hotel") -> Jumby Bay Island - An Oetker Collection Hotel | B25: =IFERROR(__xludf.DUMMYFUNCTION("""COMPUTED_VALUE"""),96.5) -> 96.5 | C25: =IFERROR(__xludf.DUMMYFUNCTION("""COMPUTED_VALUE"""),"Family") -> Family | D25: =IFERROR(__xludf.DUMMYFUNCTION("""COMPUTED_VALUE"""),37871.0) -> 37871 | E25: =IFERROR(__xludf.DUMMYFUNCTION("""COMPUTED_VALUE"""),52301.74076289999) -> 52301.741 | F25: =IFERROR(__xludf.DUMMYFUNCTION("""COMPUTED_VALUE"""),0.44) -> 0.44 | G25: =IFERROR(__xludf.DUMMYFUNCTION("""COMPUTED_VALUE"""),4.0) -> 4 | H25: =IFERROR(__xludf.DUMMYFUNCTION("""COMPUTED_VALUE"""),9.0) -> 9 | L25: =IFERROR(__xludf.DUMMYFUNCTION("""COMPUTED_VALUE"""),"Antigua") -> Antigua | M25: =IFERROR(__xludf.DUMMYFUNCTION("""COMPUTED_VALUE"""),"Long Island") -> Long Island | N25: =IFERROR(__xludf.DUMMYFUNCTION("""COMPUTED_VALUE"""),"V.C. Bird") -> V.C. Bird | O25: =IFERROR(__xludf.DUMMYFUNCTION("""COMPUTED_VALUE"""),TRUE) -> TRUE | P25: =IFERROR(__xludf.DUMMYFUNCTION("""COMPUTED_VALUE"""),0.011805555555555555) -> 0.011805556 | Q25: =IFERROR(__xludf.DUMMYFUNCTION("""COMPUTED_VALUE"""),"Oetker Collection") -> Oetker Collection | R25: =IFERROR(__xludf.DUMMYFUNCTION("""COMPUTED_VALUE"""),"Quiet") -> Quiet | S25: =IFERROR(__xludf.DUMMYFUNCTION("""COMPUTED_VALUE"""),"Beach, Swim Out/Plunge Pool Rooms, Family Suite, 2 Bedroom Suites, Kids Club, Wifi (Free), Babysitting, Snorkelling, Spa, Gym, Bicycles Available, Fishing, Tennis, Buffet") -> Beach, Swim Out/Plunge Pool Rooms, Family Suite, 2 Bedroom Suites, Kids Club, Wifi (Free), Babysitting, Snorkelling, Spa, Gym, Bicycles Available, Fishing, Tennis, Buffet | U25: =IFERROR(__xludf.DUMMYFUNCTION("""COMPUTED_VALUE"""),"1 King and 1 Sofa Bed") -> 1 King and 1 Sofa Bed | V25: =IFERROR(__xludf.DUMMYFUNCTION("""COMPUTED_VALUE"""),FALSE) -> FALSE | W25: =IFERROR(__xludf.DUMMYFUNCTION("""COMPUTED_VALUE"""),42.0) -> 42 | X25: =IFERROR(__xludf.DUMMYFUNCTION("""COMPUTED_VALUE"""),1984.0) -> 1984 | Y25: =IFERROR(__xludf.DUMMYFUNCTION("""COMPUTED_VALUE"""),2018.0) -> 2018 | Z25: =IFERROR(__xludf.DUMMYFUNCTION("""COMPUTED_VALUE"""),1.0) -> 1
A26: =IFERROR(__xludf.DUMMYFUNCTION("""COMPUTED_VALUE"""),"Grand Velas Boutique Hotel Los Cabos") -> Grand Velas Boutique Hotel Los Cabos | B26: =IFERROR(__xludf.DUMMYFUNCTION("""COMPUTED_VALUE"""),96.3) -> 96.3 | C26: =IFERROR(__xludf.DUMMYFUNCTION("""COMPUTED_VALUE"""),"Adults Only") -> Adults Only | D26: =IFERROR(__xludf.DUMMYFUNCTION("""COMPUTED_VALUE"""),9506.0) -> 9506 | E26: =IFERROR(__xludf.DUMMYFUNCTION("""COMPUTED_VALUE"""),13128.260349399998) -> 13128.26 | F26: =IFERROR(__xludf.DUMMYFUNCTION("""COMPUTED_VALUE"""),1.71) -> 1.71 | H26: =IFERROR(__xludf.DUMMYFUNCTION("""COMPUTED_VALUE"""),"NYR") -> NYR | J26: =IFERROR(__xludf.DUMMYFUNCTION("""COMPUTED_VALUE"""),5.0) -> 5 | L26: =IFERROR(__xludf.DUMMYFUNCTION("""COMPUTED_VALUE"""),"Mexico") -> Mexico | M26: =IFERROR(__xludf.DUMMYFUNCTION("""COMPUTED_VALUE"""),"Los Cabos") -> Los Cabos | N26: =IFERROR(__xludf.DUMMYFUNCTION("""COMPUTED_VALUE"""),"Los Cabos") -> Los Cabos | O26: =IFERROR(__xludf.DUMMYFUNCTION("""COMPUTED_VALUE"""),TRUE) -> TRUE | P26: =IFERROR(__xludf.DUMMYFUNCTION("""COMPUTED_VALUE"""),0.02013888888888889) -> 0.020138889 | Q26: =IFERROR(__xludf.DUMMYFUNCTION("""COMPUTED_VALUE"""),"Velas Resorts") -> Velas Resorts | S26: =IFERROR(__xludf.DUMMYFUNCTION("""COMPUTED_VALUE"""),"Beach, Great Food, Swim Out/Plunge Pool Rooms, Heated Pool, Snorkelling, Fishing, Nightclub, Spa, Gym, Wifi (Free), Yoga Classes, Swim Up Bar, Room Service, Evening Entertainment, Buffet") -> Beach, Great Food, Swim Out/Plunge Pool Rooms, Heated Pool, Snorkelling, Fishing, Nightclub, Spa, Gym, Wifi (Free), Yoga Classes, Swim Up Bar, Room Service, Evening Entertainment, Buffet | V26: =IFERROR(__xludf.DUMMYFUNCTION("""COMPUTED_VALUE"""),TRUE) -> TRUE | W26: =IFERROR(__xludf.DUMMYFUNCTION("""COMPUTED_VALUE"""),79.0) -> 79 | X26: =IFERROR(__xludf.DUMMYFUNCTION("""COMPUTED_VALUE"""),2023.0) -> 2023
A27: =IFERROR(__xludf.DUMMYFUNCTION("""COMPUTED_VALUE"""),"Jade Mountain Resort") -> Jade Mountain Resort | B27: =IFERROR(__xludf.DUMMYFUNCTION("""COMPUTED_VALUE"""),96.3) -> 96.3 | C27: =IFERROR(__xludf.DUMMYFUNCTION("""COMPUTED_VALUE"""),"Adults Only") -> Adults Only | D27: =IFERROR(__xludf.DUMMYFUNCTION("""COMPUTED_VALUE"""),20496.0) -> 20496 | E27: =IFERROR(__xludf.DUMMYFUNCTION("""COMPUTED_VALUE"""),28305.9987504) -> 28305.999 | F27: =IFERROR(__xludf.DUMMYFUNCTION("""COMPUTED_VALUE"""),0.8) -> 0.8 | G27: =IFERROR(__xludf.DUMMYFUNCTION("""COMPUTED_VALUE"""),5.0) -> 5 | H27: =IFERROR(__xludf.DUMMYFUNCTION("""COMPUTED_VALUE"""),9.0) -> 9 | J27: =IFERROR(__xludf.DUMMYFUNCTION("""COMPUTED_VALUE"""),5.0) -> 5 | L27: =IFERROR(__xludf.DUMMYFUNCTION("""COMPUTED_VALUE"""),"Saint Lucia") -> Saint Lucia | M27: =IFERROR(__xludf.DUMMYFUNCTION("""COMPUTED_VALUE"""),"Soufriere") -> Soufriere | N27: =IFERROR(__xludf.DUMMYFUNCTION("""COMPUTED_VALUE"""),"Hewanorra") -> Hewanorra | O27: =IFERROR(__xludf.DUMMYFUNCTION("""COMPUTED_VALUE"""),FALSE) -> FALSE | P27: =IFERROR(__xludf.DUMMYFUNCTION("""COMPUTED_VALUE"""),0.04236111111111111) -> 0.042361111 | R27: =IFERROR(__xludf.DUMMYFUNCTION("""COMPUTED_VALUE"""),"Bay View, Green") -> Bay View, Green | S27: =IFERROR(__xludf.DUMMYFUNCTION("""COMPUTED_VALUE"""),"Beach, Swim Out/Plunge Pool Rooms, Gym, Diving, Tennis, Wifi (Free), Snorkelling, Spa, Room Service") -> Beach, Swim Out/Plunge Pool Rooms, Gym, Diving, Tennis, Wifi (Free), Snorkelling, Spa, Room Service | V27: =IFERROR(__xludf.DUMMYFUNCTION("""COMPUTED_VALUE"""),FALSE) -> FALSE | W27: =IFERROR(__xludf.DUMMYFUNCTION("""COMPUTED_VALUE"""),20.0) -> 20
A28: =IFERROR(__xludf.DUMMYFUNCTION("""COMPUTED_VALUE"""),"Excellence Playa Mujeres") -> Excellence Playa Mujeres | B28: =IFERROR(__xludf.DUMMYFUNCTION("""COMPUTED_VALUE"""),96.0) -> 96 | C28: =IFERROR(__xludf.DUMMYFUNCTION("""COMPUTED_VALUE"""),"Adults Only") -> Adults Only | D28: =IFERROR(__xludf.DUMMYFUNCTION("""COMPUTED_VALUE"""),3666.0) -> 3666 | E28: =IFERROR(__xludf.DUMMYFUNCTION("""COMPUTED_VALUE"""),5062.9289334) -> 5062.9289 | F28: =IFERROR(__xludf.DUMMYFUNCTION("""COMPUTED_VALUE"""),4.36) -> 4.36 | H28: =IFERROR(__xludf.DUMMYFUNCTION("""COMPUTED_VALUE"""),9.0) -> 9 | J28: =IFERROR(__xludf.DUMMYFUNCTION("""COMPUTED_VALUE"""),5.0) -> 5 | L28: =IFERROR(__xludf.DUMMYFUNCTION("""COMPUTED_VALUE"""),"Mexico") -> Mexico | M28: =IFERROR(__xludf.DUMMYFUNCTION("""COMPUTED_VALUE"""),"Playa Mujeres") -> Playa Mujeres | N28: =IFERROR(__xludf.DUMMYFUNCTION("""COMPUTED_VALUE"""),"Cancun") -> Cancun | O28: =IFERROR(__xludf.DUMMYFUNCTION("""COMPUTED_VALUE"""),TRUE) -> TRUE | P28: =IFERROR(__xludf.DUMMYFUNCTION("""COMPUTED_VALUE"""),0.025) -> 0.025 | Q28: =IFERROR(__xludf.DUMMYFUNCTION("""COMPUTED_VALUE"""),"The Excellence Collection") -> The Excellence Collection | R28: =IFERROR(__xludf.DUMMYFUNCTION("""COMPUTED_VALUE"""),"Luxury, Quiet") -> Luxury, Quiet | S28: =IFERROR(__xludf.DUMMYFUNCTION("""COMPUTED_VALUE"""),"Beach, Swim Out/Plunge Pool Rooms, Heated Pool, Gym, Diving, Lazy River, Snorkelling, Wifi (Free), Swim Up Bar, Tennis, Nightclub, Spa, Room Service, Evening Entertainment, Buffet") -> Beach, Swim Out/Plunge Pool Rooms, Heated Pool, Gym, Diving, Lazy River, Snorkelling, Wifi (Free), Swim Up Bar, Tennis, Nightclub, Spa, Room Service, Evening Entertainment, Buffet | V28: =IFERROR(__xludf.DUMMYFUNCTION("""COMPUTED_VALUE"""),FALSE) -> FALSE | W28: =IFERROR(__xludf.DUMMYFUNCTION("""COMPUTED_VALUE"""),450.0) -> 450 | X28: =IFERROR(__xludf.DUMMYFUNCTION("""COMPUTED_VALUE"""),2007.0) -> 2007 | Z28: =IFERROR(__xludf.DUMMYFUNCTION("""COMPUTED_VALUE"""),5.0) -> 5
A29: =IFERROR(__xludf.DUMMYFUNCTION("""COMPUTED_VALUE"""),"Hyatt Zilara Cap Cana") -> Hyatt Zilara Cap Cana | B29: =IFERROR(__xludf.DUMMYFUNCTION("""COMPUTED_VALUE"""),96.0) -> 96 | C29: =IFERROR(__xludf.DUMMYFUNCTION("""COMPUTED_VALUE"""),"Adults Only") -> Adults Only | D29: =IFERROR(__xludf.DUMMYFUNCTION("""COMPUTED_VALUE"""),6653.79) -> 6653.79 | E29: =IFERROR(__xludf.DUMMYFUNCTION("""COMPUTED_VALUE"""),9189.216014120999) -> 9189.216 | F29: =IFERROR(__xludf.DUMMYFUNCTION("""COMPUTED_VALUE"""),2.4) -> 2.4 | G29: =IFERROR(__xludf.DUMMYFUNCTION("""COMPUTED_VALUE"""),4.0) -> 4 | H29: =IFERROR(__xludf.DUMMYFUNCTION("""COMPUTED_VALUE"""),7.0) -> 7 | I29: =IFERROR(__xludf.DUMMYFUNCTION("""COMPUTED_VALUE"""),"F") -> F | J29: =IFERROR(__xludf.DUMMYFUNCTION("""COMPUTED_VALUE"""),5.0) -> 5 | L29: =IFERROR(__xludf.DUMMYFUNCTION("""COMPUTED_VALUE"""),"Dominican Republic") -> Dominican Republic | M29: =IFERROR(__xludf.DUMMYFUNCTION("""COMPUTED_VALUE"""),"Cap Cana") -> Cap Cana | N29: =IFERROR(__xludf.DUMMYFUNCTION("""COMPUTED_VALUE"""),"Punta Cana") -> Punta Cana | O29: =IFERROR(__xludf.DUMMYFUNCTION("""COMPUTED_VALUE"""),TRUE) -> TRUE | P29: =IFERROR(__xludf.DUMMYFUNCTION("""COMPUTED_VALUE"""),0.011111111111111112) -> 0.011111111 | Q29: =IFERROR(__xludf.DUMMYFUNCTION("""COMPUTED_VALUE"""),"Hyatt") -> Hyatt | R29: =IFERROR(__xludf.DUMMYFUNCTION("""COMPUTED_VALUE"""),"Romantic, Ocean View") -> Romantic, Ocean View | S29: =IFERROR(__xludf.DUMMYFUNCTION("""COMPUTED_VALUE"""),"Beach, Great Food, Swim Out/Plunge Pool Rooms, Heated Pool, Gym, Yoga Classes, Swim Up Bar, Spa, Wifi (Free), Room Service, Nightclub, Evening Entertainment, Buffet") -> Beach, Great Food, Swim Out/Plunge Pool Rooms, Heated Pool, Gym, Yoga Classes, Swim Up Bar, Spa, Wifi (Free), Room Service, Nightclub, Evening Entertainment, Buffet | V29: =IFERROR(__xludf.DUMMYFUNCTION("""COMPUTED_VALUE"""),TRUE) -> TRUE | W29: =IFERROR(__xludf.DUMMYFUNCTION("""COMPUTED_VALUE"""),375.0) -> 375 | X29: =IFERROR(__xludf.DUMMYFUNCTION("""COMPUTED_VALUE"""),2019.0) -> 2019 | Z29: =IFERROR(__xludf.DUMMYFUNCTION("""COMPUTED_VALUE"""),8.0) -> 8
A30: =IFERROR(__xludf.DUMMYFUNCTION("""COMPUTED_VALUE"""),"Grand Velas Riviera Nayarit") -> Grand Velas Riviera Nayarit | B30: =IFERROR(__xludf.DUMMYFUNCTION("""COMPUTED_VALUE"""),96.0) -> 96 | C30: =IFERROR(__xludf.DUMMYFUNCTION("""COMPUTED_VALUE"""),"Family") -> Family | D30: =IFERROR(__xludf.DUMMYFUNCTION("""COMPUTED_VALUE"""),10003.98) -> 10003.98 | E30: =IFERROR(__xludf.DUMMYFUNCTION("""COMPUTED_VALUE"""),13815.995578601998) -> 13815.996 | F30: =IFERROR(__xludf.DUMMYFUNCTION("""COMPUTED_VALUE"""),1.6) -> 1.6 | G30: =IFERROR(__xludf.DUMMYFUNCTION("""COMPUTED_VALUE"""),5.0) -> 5 | H30: =IFERROR(__xludf.DUMMYFUNCTION("""COMPUTED_VALUE"""),9.0) -> 9 | J30: =IFERROR(__xludf.DUMMYFUNCTION("""COMPUTED_VALUE"""),5.0) -> 5 | L30: =IFERROR(__xludf.DUMMYFUNCTION("""COMPUTED_VALUE"""),"Mexico") -> Mexico | M30: =IFERROR(__xludf.DUMMYFUNCTION("""COMPUTED_VALUE"""),"Nuevo Vallarta") -> Nuevo Vallarta | N30: =IFERROR(__xludf.DUMMYFUNCTION("""COMPUTED_VALUE"""),"Ordaz") -> Ordaz | O30: =IFERROR(__xludf.DUMMYFUNCTION("""COMPUTED_VALUE"""),TRUE) -> TRUE | P30: =IFERROR(__xludf.DUMMYFUNCTION("""COMPUTED_VALUE"""),0.0125) -> 0.0125 | Q30: =IFERROR(__xludf.DUMMYFUNCTION("""COMPUTED_VALUE"""),"Velas Resorts") -> Velas Resorts | R30: =IFERROR(__xludf.DUMMYFUNCTION("""COMPUTED_VALUE"""),"Luxury, Family") -> Luxury, Family | S30: =IFERROR(__xludf.DUMMYFUNCTION("""COMPUTED_VALUE"""),"Beach, Great Food, Swim Out/Plunge Pool Rooms, Family Suite, 2 Bedroom Suites, Kids Club, Teen Club, Heated Pool, Gym, Bicycles Available, Wifi (Paid), Swim Up Bar, Diving, Nightclub, Spa, Babysitting, Room Service, Tennis, Evening Entertainment") -> Beach, Great Food, Swim Out/Plunge Pool Rooms, Family Suite, 2 Bedroom Suites, Kids Club, Teen Club, Heated Pool, Gym, Bicycles Available, Wifi (Paid), Swim Up Bar, Diving, Nightclub, Spa, Babysitting, Room Service, Tennis, Evening Entertainment | U30: =IFERROR(__xludf.DUMMYFUNCTION("""COMPUTED_VALUE"""),"1 King or 2 Queen") -> 1 King or 2 Queen | V30: =IFERROR(__xludf.DUMMYFUNCTION("""COMPUTED_VALUE"""),TRUE) -> TRUE | W30: =IFERROR(__xludf.DUMMYFUNCTION("""COMPUTED_VALUE"""),267.0) -> 267 | X30: =IFERROR(__xludf.DUMMYFUNCTION("""COMPUTED_VALUE"""),2002.0) -> 2002 | Y30: =IFERROR(__xludf.DUMMYFUNCTION("""COMPUTED_VALUE"""),2016.0) -> 2016 | Z30: =IFERROR(__xludf.DUMMYFUNCTION("""COMPUTED_VALUE"""),9.0) -> 9
A31: =IFERROR(__xludf.DUMMYFUNCTION("""COMPUTED_VALUE"""),"Grand Velas Riviera Maya") -> Grand Velas Riviera Maya | B31: =IFERROR(__xludf.DUMMYFUNCTION("""COMPUTED_VALUE"""),96.0) -> 96 | C31: =IFERROR(__xludf.DUMMYFUNCTION("""COMPUTED_VALUE"""),"Family") -> Family | D31: =IFERROR(__xludf.DUMMYFUNCTION("""COMPUTED_VALUE"""),11396.0) -> 11396 | E31: =IFERROR(__xludf.DUMMYFUNCTION("""COMPUTED_VALUE"""),15738.444660399999) -> 15738.445 | F31: =IFERROR(__xludf.DUMMYFUNCTION("""COMPUTED_VALUE"""),1.4) -> 1.4 | G31: =IFERROR(__xludf.DUMMYFUNCTION("""COMPUTED_VALUE"""),5.0) -> 5 | H31: =IFERROR(__xludf.DUMMYFUNCTION("""COMPUTED_VALUE"""),9.0) -> 9 | J31: =IFERROR(__xludf.DUMMYFUNCTION("""COMPUTED_VALUE"""),5.0) -> 5 | L31: =IFERROR(__xludf.DUMMYFUNCTION("""COMPUTED_VALUE"""),"Mexico") -> Mexico | M31: =IFERROR(__xludf.DUMMYFUNCTION("""COMPUTED_VALUE"""),"Playa del Carmen") -> Playa del Carmen | N31: =IFERROR(__xludf.DUMMYFUNCTION("""COMPUTED_VALUE"""),"Cancun") -> Cancun | O31: =IFERROR(__xludf.DUMMYFUNCTION("""COMPUTED_VALUE"""),TRUE) -> TRUE | P31: =IFERROR(__xludf.DUMMYFUNCTION("""COMPUTED_VALUE"""),0.027083333333333334) -> 0.027083333 | Q31: =IFERROR(__xludf.DUMMYFUNCTION("""COMPUTED_VALUE"""),"Velas Resorts") -> Velas Resorts | R31: =IFERROR(__xludf.DUMMYFUNCTION("""COMPUTED_VALUE"""),"Great View, Family") -> Great View, Family | S31: =IFERROR(__xludf.DUMMYFUNCTION("""COMPUTED_VALUE"""),"Beach, Great Food, Swim Out/Plunge Pool Rooms, Family Suite, 2 Bedroom Suites, Kids Club, Teen Club, Heated Pool, Gym, Diving, Spa, Wifi (Free), Babysitting, Swim Up Bar, Fishing, Room Service, Evening Entertainment") -> Beach, Great Food, Swim Out/Plunge Pool Rooms, Family Suite, 2 Bedroom Suites, Kids Club, Teen Club, Heated Pool, Gym, Diving, Spa, Wifi (Free), Babysitting, Swim Up Bar, Fishing, Room Service, Evening Entertainment | U31: =IFERROR(__xludf.DUMMYFUNCTION("""COMPUTED_VALUE"""),"1 King or 2 Queen") -> 1 King or 2 Queen | V31: =IFERROR(__xludf.DUMMYFUNCTION("""COMPUTED_VALUE"""),FALSE) -> FALSE | W31: =IFERROR(__xludf.DUMMYFUNCTION("""COMPUTED_VALUE"""),539.0) -> 539 | X31: =IFERROR(__xludf.DUMMYFUNCTION("""COMPUTED_VALUE"""),2008.0) -> 2008 | Y31: =IFERROR(__xludf.DUMMYFUNCTION("""COMPUTED_VALUE"""),2021.0) -> 2021 | Z31: =IFERROR(__xludf.DUMMYFUNCTION("""COMPUTED_VALUE"""),4.0) -> 4
A32: =IFERROR(__xludf.DUMMYFUNCTION("""COMPUTED_VALUE"""),"Spice Island Beach Resort") -> Spice Island Beach Resort | B32: =IFERROR(__xludf.DUMMYFUNCTION("""COMPUTED_VALUE"""),96.0) -> 96 | C32: =IFERROR(__xludf.DUMMYFUNCTION("""COMPUTED_VALUE"""),"Family") -> Family | D32: =IFERROR(__xludf.DUMMYFUNCTION("""COMPUTED_VALUE"""),18340.0) -> 18340 | E32: =IFERROR(__xludf.DUMMYFUNCTION("""COMPUTED_VALUE"""),25328.455165999996) -> 25328.455 | F32: =IFERROR(__xludf.DUMMYFUNCTION("""COMPUTED_VALUE"""),0.87) -> 0.87 | G32: =IFERROR(__xludf.DUMMYFUNCTION("""COMPUTED_VALUE"""),5.0) -> 5 | H32: =IFERROR(__xludf.DUMMYFUNCTION("""COMPUTED_VALUE"""),9.0) -> 9 | J32: =IFERROR(__xludf.DUMMYFUNCTION("""COMPUTED_VALUE"""),5.0) -> 5 | L32: =IFERROR(__xludf.DUMMYFUNCTION("""COMPUTED_VALUE"""),"Grenada") -> Grenada | M32: =IFERROR(__xludf.DUMMYFUNCTION("""COMPUTED_VALUE"""),"Grand Anse") -> Grand Anse | N32: =IFERROR(__xludf.DUMMYFUNCTION("""COMPUTED_VALUE"""),"Point Saline") -> Point Saline | O32: =IFERROR(__xludf.DUMMYFUNCTION("""COMPUTED_VALUE"""),FALSE) -> FALSE | P32: =IFERROR(__xludf.DUMMYFUNCTION("""COMPUTED_VALUE"""),0.006944444444444444) -> 0.0069444444 | R32: =IFERROR(__xludf.DUMMYFUNCTION("""COMPUTED_VALUE"""),"Family, Green") -> Family, Green | S32: =IFERROR(__xludf.DUMMYFUNCTION("""COMPUTED_VALUE"""),"Beach, Swim Out/Plunge Pool Rooms, Kids Club, Gym, Bicycles Available, Room Service, Tennis, Spa, Wifi (Free), Babysitting, Diving, Pets Allowed, Buffet") -> Beach, Swim Out/Plunge Pool Rooms, Kids Club, Gym, Bicycles Available, Room Service, Tennis, Spa, Wifi (Free), Babysitting, Diving, Pets Allowed, Buffet | U32: =IFERROR(__xludf.DUMMYFUNCTION("""COMPUTED_VALUE"""),"1 King or 2 Queen") -> 1 King or 2 Queen | V32: =IFERROR(__xludf.DUMMYFUNCTION("""COMPUTED_VALUE"""),FALSE) -> FALSE | W32: =IFERROR(__xludf.DUMMYFUNCTION("""COMPUTED_VALUE"""),64.0) -> 64 | X32: =IFERROR(__xludf.DUMMYFUNCTION("""COMPUTED_VALUE"""),1961.0) -> 1961 | Y32: =IFERROR(__xludf.DUMMYFUNCTION("""COMPUTED_VALUE"""),2023.0) -> 2023 | Z32: =IFERROR(__xludf.DUMMYFUNCTION("""COMPUTED_VALUE"""),2.0) -> 2
A33: =IFERROR(__xludf.DUMMYFUNCTION("""COMPUTED_VALUE"""),"Excellence Riviera Cancun") -> Excellence Riviera Cancun | B33: =IFERROR(__xludf.DUMMYFUNCTION("""COMPUTED_VALUE"""),95.7) -> 95.7 | C33: =IFERROR(__xludf.DUMMYFUNCTION("""COMPUTED_VALUE"""),"Adults Only") -> Adults Only | D33: =IFERROR(__xludf.DUMMYFUNCTION("""COMPUTED_VALUE"""),3528.0) -> 3528 | E33: =IFERROR(__xludf.DUMMYFUNCTION("""COMPUTED_VALUE"""),4872.344047199999) -> 4872.344 | F33: =IFERROR(__xludf.DUMMYFUNCTION("""COMPUTED_VALUE"""),4.45) -> 4.45 | H33: =IFERROR(__xludf.DUMMYFUNCTION("""COMPUTED_VALUE"""),9.0) -> 9 | J33: =IFERROR(__xludf.DUMMYFUNCTION("""COMPUTED_VALUE"""),5.0) -> 5 | L33: =IFERROR(__xludf.DUMMYFUNCTION("""COMPUTED_VALUE"""),"Mexico") -> Mexico | M33: =IFERROR(__xludf.DUMMYFUNCTION("""COMPUTED_VALUE"""),"Puerto Morelos") -> Puerto Morelos | N33: =IFERROR(__xludf.DUMMYFUNCTION("""COMPUTED_VALUE"""),"Cancun") -> Cancun | O33: =IFERROR(__xludf.DUMMYFUNCTION("""COMPUTED_VALUE"""),TRUE) -> TRUE | P33: =IFERROR(__xludf.DUMMYFUNCTION("""COMPUTED_VALUE"""),0.01597222222222222) -> 0.015972222 | Q33: =IFERROR(__xludf.DUMMYFUNCTION("""COMPUTED_VALUE"""),"The Excellence Collection") -> The Excellence Collection | R33: =IFERROR(__xludf.DUMMYFUNCTION("""COMPUTED_VALUE"""),"Green, Quiet") -> Green, Quiet | S33: =IFERROR(__xludf.DUMMYFUNCTION("""COMPUTED_VALUE"""),"Beach, Swim Out/Plunge Pool Rooms, Heated Pool, Gym, Diving, Room Service, Tennis, Nightclub, Wifi (Free), Lazy River, Swim Up Bar, Snorkelling, Fishing, Evening Entertainment, Buffet") -> Beach, Swim Out/Plunge Pool Rooms, Heated Pool, Gym, Diving, Room Service, Tennis, Nightclub, Wifi (Free), Lazy River, Swim Up Bar, Snorkelling, Fishing, Evening Entertainment, Buffet | V33: =IFERROR(__xludf.DUMMYFUNCTION("""COMPUTED_VALUE"""),FALSE) -> FALSE | W33: =IFERROR(__xludf.DUMMYFUNCTION("""COMPUTED_VALUE"""),440.0) -> 440 | X33: =IFERROR(__xludf.DUMMYFUNCTION("""COMPUTED_VALUE"""),2004.0) -> 2004 | Y33: =IFERROR(__xludf.DUMMYFUNCTION("""COMPUTED_VALUE"""),2015.0) -> 2015 | Z33: =IFERROR(__xludf.DUMMYFUNCTION("""COMPUTED_VALUE"""),4.0) -> 4
A34: =IFERROR(__xludf.DUMMYFUNCTION("""COMPUTED_VALUE"""),"JOIA Paraiso by Iberostar") -> JOIA Paraiso by Iberostar | B34: =IFERROR(__xludf.DUMMYFUNCTION("""COMPUTED_VALUE"""),95.7) -> 95.7 | C34: =IFERROR(__xludf.DUMMYFUNCTION("""COMPUTED_VALUE"""),"Adults Only") -> Adults Only | D34: =IFERROR(__xludf.DUMMYFUNCTION("""COMPUTED_VALUE"""),6096.82) -> 6096.82 | E34: =IFERROR(__xludf.DUMMYFUNCTION("""COMPUTED_VALUE"""),8420.012651317998) -> 8420.0127 | F34: =IFERROR(__xludf.DUMMYFUNCTION("""COMPUTED_VALUE"""),2.58) -> 2.58 | H34: =IFERROR(__xludf.DUMMYFUNCTION("""COMPUTED_VALUE"""),9.0) -> 9 | J34: =IFERROR(__xludf.DUMMYFUNCTION("""COMPUTED_VALUE"""),5.0) -> 5 | L34: =IFERROR(__xludf.DUMMYFUNCTION("""COMPUTED_VALUE"""),"Mexico") -> Mexico | M34: =IFERROR(__xludf.DUMMYFUNCTION("""COMPUTED_VALUE"""),"Playa Paraiso") -> Playa Paraiso | N34: =IFERROR(__xludf.DUMMYFUNCTION("""COMPUTED_VALUE"""),"Cancun") -> Cancun | O34: =IFERROR(__xludf.DUMMYFUNCTION("""COMPUTED_VALUE"""),TRUE) -> TRUE | P34: =IFERROR(__xludf.DUMMYFUNCTION("""COMPUTED_VALUE"""),0.022222222222222223) -> 0.022222222 | Q34: =IFERROR(__xludf.DUMMYFUNCTION("""COMPUTED_VALUE"""),"IHG") -> IHG | R34: =IFERROR(__xludf.DUMMYFUNCTION("""COMPUTED_VALUE"""),"Great View, Quiet") -> Great View, Quiet | S34: =IFERROR(__xludf.DUMMYFUNCTION("""COMPUTED_VALUE"""),"Beach, Great Food, Swim Out/Plunge Pool Rooms, Gym, Diving, Swim Up Bar, Golf Course, Spa, Wifi (Free), Tennis, Evening Entertainment, Buffet") -> Beach, Great Food, Swim Out/Plunge Pool Rooms, Gym, Diving, Swim Up Bar, Golf Course, Spa, Wifi (Free), Tennis, Evening Entertainment, Buffet | V34: =IFERROR(__xludf.DUMMYFUNCTION("""COMPUTED_VALUE"""),FALSE) -> FALSE | W34: =IFERROR(__xludf.DUMMYFUNCTION("""COMPUTED_VALUE"""),310.0) -> 310 | X34: =IFERROR(__xludf.DUMMYFUNCTION("""COMPUTED_VALUE"""),2007.0) -> 2007 | Z34: =IFERROR(__xludf.DUMMYFUNCTION("""COMPUTED_VALUE"""),3.0) -> 3
A35: =IFERROR(__xludf.DUMMYFUNCTION("""COMPUTED_VALUE"""),"The Caves") -> The Caves | B35: =IFERROR(__xludf.DUMMYFUNCTION("""COMPUTED_VALUE"""),95.7) -> 95.7 | C35: =IFERROR(__xludf.DUMMYFUNCTION("""COMPUTED_VALUE"""),"Adults Only") -> Adults Only | D35: =IFERROR(__xludf.DUMMYFUNCTION("""COMPUTED_VALUE"""),6601.0) -> 6601 | E35: =IFERROR(__xludf.DUMMYFUNCTION("""COMPUTED_VALUE"""),9116.310389899998) -> 9116.3104 | F35: =IFERROR(__xludf.DUMMYFUNCTION("""COMPUTED_VALUE"""),2.38) -> 2.38 | H35: =IFERROR(__xludf.DUMMYFUNCTION("""COMPUTED_VALUE"""),9.0) -> 9 | J35: =IFERROR(__xludf.DUMMYFUNCTION("""COMPUTED_VALUE"""),4.0) -> 4 | L35: =IFERROR(__xludf.DUMMYFUNCTION("""COMPUTED_VALUE"""),"Jamaica") -> Jamaica | M35: =IFERROR(__xludf.DUMMYFUNCTION("""COMPUTED_VALUE"""),"Negril") -> Negril | N35: =IFERROR(__xludf.DUMMYFUNCTION("""COMPUTED_VALUE"""),"Sangster") -> Sangster | O35: =IFERROR(__xludf.DUMMYFUNCTION("""COMPUTED_VALUE"""),TRUE) -> TRUE | P35: =IFERROR(__xludf.DUMMYFUNCTION("""COMPUTED_VALUE"""),0.06736111111111111) -> 0.067361111 | R35: =IFERROR(__xludf.DUMMYFUNCTION("""COMPUTED_VALUE"""),"Hidden Gem, Boutique") -> Hidden Gem, Boutique | S35: =IFERROR(__xludf.DUMMYFUNCTION("""COMPUTED_VALUE"""),"Yoga Classes, Snorkelling, Watersports Equipment Rentals, Fishing, Wifi (Free), Diving, Spa, Evening Entertainment") -> Yoga Classes, Snorkelling, Watersports Equipment Rentals, Fishing, Wifi (Free), Diving, Spa, Evening Entertainment | V35: =IFERROR(__xludf.DUMMYFUNCTION("""COMPUTED_VALUE"""),FALSE) -> FALSE | W35: =IFERROR(__xludf.DUMMYFUNCTION("""COMPUTED_VALUE"""),12.0) -> 12 | X35: =IFERROR(__xludf.DUMMYFUNCTION("""COMPUTED_VALUE"""),1996.0) -> 1996 | Y35: =IFERROR(__xludf.DUMMYFUNCTION("""COMPUTED_VALUE"""),2008.0) -> 2008 | Z35: =IFERROR(__xludf.DUMMYFUNCTION("""COMPUTED_VALUE"""),2.0) -> 2
A36: =IFERROR(__xludf.DUMMYFUNCTION("""COMPUTED_VALUE"""),"JOIA Bávaro By Iberostar") -> JOIA Bávaro By Iberostar | B36: =IFERROR(__xludf.DUMMYFUNCTION("""COMPUTED_VALUE"""),95.7) -> 95.7 | C36: =IFERROR(__xludf.DUMMYFUNCTION("""COMPUTED_VALUE"""),"Adults Only") -> Adults Only | D36: =IFERROR(__xludf.DUMMYFUNCTION("""COMPUTED_VALUE"""),7696.92) -> 7696.92 | E36: =IFERROR(__xludf.DUMMYFUNCTION("""COMPUTED_VALUE"""),10629.830596307998) -> 10629.831 | F36: =IFERROR(__xludf.DUMMYFUNCTION("""COMPUTED_VALUE"""),2.04) -> 2.04 | G36: =IFERROR(__xludf.DUMMYFUNCTION("""COMPUTED_VALUE"""),4.0) -> 4 | H36: =IFERROR(__xludf.DUMMYFUNCTION("""COMPUTED_VALUE"""),9.0) -> 9 | J36: =IFERROR(__xludf.DUMMYFUNCTION("""COMPUTED_VALUE"""),5.0) -> 5 | L36: =IFERROR(__xludf.DUMMYFUNCTION("""COMPUTED_VALUE"""),"Dominican Republic") -> Dominican Republic | M36: =IFERROR(__xludf.DUMMYFUNCTION("""COMPUTED_VALUE"""),"Bavaro") -> Bavaro | N36: =IFERROR(__xludf.DUMMYFUNCTION("""COMPUTED_VALUE"""),"Punta Cana") -> Punta Cana | O36: =IFERROR(__xludf.DUMMYFUNCTION("""COMPUTED_VALUE"""),TRUE) -> TRUE | P36: =IFERROR(__xludf.DUMMYFUNCTION("""COMPUTED_VALUE"""),0.017361111111111112) -> 0.017361111 | Q36: =IFERROR(__xludf.DUMMYFUNCTION("""COMPUTED_VALUE"""),"IHG") -> IHG | R36: =IFERROR(__xludf.DUMMYFUNCTION("""COMPUTED_VALUE"""),"Romantic, Ocean View") -> Romantic, Ocean View | S36: =IFERROR(__xludf.DUMMYFUNCTION("""COMPUTED_VALUE"""),"Beach, Great Food, Swim Out/Plunge Pool Rooms, Gym, Diving, Tennis, Fishing, Nightclub, Spa, Room Service, Swim Up Bar, Golf Course, Evening Entertainment, Buffet") -> Beach, Great Food, Swim Out/Plunge Pool Rooms, Gym, Diving, Tennis, Fishing, Nightclub, Spa, Room Service, Swim Up Bar, Golf Course, Evening Entertainment, Buffet | V36: =IFERROR(__xludf.DUMMYFUNCTION("""COMPUTED_VALUE"""),FALSE) -> FALSE | W36: =IFERROR(__xludf.DUMMYFUNCTION("""COMPUTED_VALUE"""),274.0) -> 274 | X36: =IFERROR(__xludf.DUMMYFUNCTION("""COMPUTED_VALUE"""),2009.0) -> 2009
A37: =IFERROR(__xludf.DUMMYFUNCTION("""COMPUTED_VALUE"""),"Cayo Levantado Resort") -> Cayo Levantado Resort | B37: =IFERROR(__xludf.DUMMYFUNCTION("""COMPUTED_VALUE"""),95.7) -> 95.7 | C37: =IFERROR(__xludf.DUMMYFUNCTION("""COMPUTED_VALUE"""),"Family") -> Family | D37: =IFERROR(__xludf.DUMMYFUNCTION("""COMPUTED_VALUE"""),14707.42) -> 14707.42 | E37: =IFERROR(__xludf.DUMMYFUNCTION("""COMPUTED_VALUE"""),20311.680920257997) -> 20311.681 | F37: =IFERROR(__xludf.DUMMYFUNCTION("""COMPUTED_VALUE"""),1.07) -> 1.07 | H37: =IFERROR(__xludf.DUMMYFUNCTION("""COMPUTED_VALUE"""),"NYR") -> NYR | J37: =IFERROR(__xludf.DUMMYFUNCTION("""COMPUTED_VALUE"""),5.0) -> 5 | L37: =IFERROR(__xludf.DUMMYFUNCTION("""COMPUTED_VALUE"""),"Dominican Republic") -> Dominican Republic | M37: =IFERROR(__xludf.DUMMYFUNCTION("""COMPUTED_VALUE"""),"Cayo Levantado") -> Cayo Levantado | N37: =IFERROR(__xludf.DUMMYFUNCTION("""COMPUTED_VALUE"""),"Samaná El Catey") -> Samaná El Catey | O37: =IFERROR(__xludf.DUMMYFUNCTION("""COMPUTED_VALUE"""),TRUE) -> TRUE | P37: =IFERROR(__xludf.DUMMYFUNCTION("""COMPUTED_VALUE"""),0.04652777777777778) -> 0.046527778 | S37: =IFERROR(__xludf.DUMMYFUNCTION("""COMPUTED_VALUE"""),"Beach, Swim Out/Plunge Pool Rooms, Gym, Tennis, Wifi (Free), Room Service, Spa, Evening Entertainment, Buffet") -> Beach, Swim Out/Plunge Pool Rooms, Gym, Tennis, Wifi (Free), Room Service, Spa, Evening Entertainment, Buffet | U37: =IFERROR(__xludf.DUMMYFUNCTION("""COMPUTED_VALUE"""),"1 King or 2 Full") -> 1 King or 2 Full | V37: =IFERROR(__xludf.DUMMYFUNCTION("""COMPUTED_VALUE"""),FALSE) -> FALSE | W37: =IFERROR(__xludf.DUMMYFUNCTION("""COMPUTED_VALUE"""),219.0) -> 219 | X37: =IFERROR(__xludf.DUMMYFUNCTION("""COMPUTED_VALUE"""),2006.0) -> 2006 | Y37: =IFERROR(__xludf.DUMMYFUNCTION("""COMPUTED_VALUE"""),2022.0) -> 2022 | Z37: =IFERROR(__xludf.DUMMYFUNCTION("""COMPUTED_VALUE"""),4.0) -> 4
A38: =IFERROR(__xludf.DUMMYFUNCTION("""COMPUTED_VALUE"""),"Curtain Bluff") -> Curtain Bluff | B38: =IFERROR(__xludf.DUMMYFUNCTION("""COMPUTED_VALUE"""),95.7) -> 95.7 | C38: =IFERROR(__xludf.DUMMYFUNCTION("""COMPUTED_VALUE"""),"Family") -> Family | D38: =IFERROR(__xludf.DUMMYFUNCTION("""COMPUTED_VALUE"""),21869.4) -> 21869.4 | E38: =IFERROR(__xludf.DUMMYFUNCTION("""COMPUTED_VALUE"""),30202.73268306) -> 30202.733 | F38: =IFERROR(__xludf.DUMMYFUNCTION("""COMPUTED_VALUE"""),0.72) -> 0.72 | H38: =IFERROR(__xludf.DUMMYFUNCTION("""COMPUTED_VALUE"""),9.0) -> 9 | J38: =IFERROR(__xludf.DUMMYFUNCTION("""COMPUTED_VALUE"""),4.0) -> 4 | L38: =IFERROR(__xludf.DUMMYFUNCTION("""COMPUTED_VALUE"""),"Antigua") -> Antigua | M38: =IFERROR(__xludf.DUMMYFUNCTION("""COMPUTED_VALUE"""),"Saint Mary's") -> Saint Mary's | N38: =IFERROR(__xludf.DUMMYFUNCTION("""COMPUTED_VALUE"""),"V.C. Bird") -> V.C. Bird | O38: =IFERROR(__xludf.DUMMYFUNCTION("""COMPUTED_VALUE"""),TRUE) -> TRUE | P38: =IFERROR(__xludf.DUMMYFUNCTION("""COMPUTED_VALUE"""),0.02638888888888889) -> 0.026388889 | R38: =IFERROR(__xludf.DUMMYFUNCTION("""COMPUTED_VALUE"""),"Romantic, Great View") -> Romantic, Great View | S38: =IFERROR(__xludf.DUMMYFUNCTION("""COMPUTED_VALUE"""),"Beach, Swim Out/Plunge Pool Rooms, Family Suite, 2 Bedroom Suites, Kids Club, Gym, Diving, Tennis, Wifi (Free), Babysitting, Snorkelling, Evening Entertainment") -> Beach, Swim Out/Plunge Pool Rooms, Family Suite, 2 Bedroom Suites, Kids Club, Gym, Diving, Tennis, Wifi (Free), Babysitting, Snorkelling, Evening Entertainment | U38: =IFERROR(__xludf.DUMMYFUNCTION("""COMPUTED_VALUE"""),"1 King") -> 1 King | V38: =IFERROR(__xludf.DUMMYFUNCTION("""COMPUTED_VALUE"""),FALSE) -> FALSE | W38: =IFERROR(__xludf.DUMMYFUNCTION("""COMPUTED_VALUE"""),72.0) -> 72 | X38: =IFERROR(__xludf.DUMMYFUNCTION("""COMPUTED_VALUE"""),1962.0) -> 1962 | Y38: =IFERROR(__xludf.DUMMYFUNCTION("""COMPUTED_VALUE"""),2023.0) -> 2023 | Z38: =IFERROR(__xludf.DUMMYFUNCTION("""COMPUTED_VALUE"""),3.0) -> 3
A39: =IFERROR(__xludf.DUMMYFUNCTION("""COMPUTED_VALUE"""),"Casa Velas") -> Casa Velas | B39: =IFERROR(__xludf.DUMMYFUNCTION("""COMPUTED_VALUE"""),95.5) -> 95.5 | C39: =IFERROR(__xludf.DUMMYFUNCTION("""COMPUTED_VALUE"""),"Adults Only") -> Adults Only | D39: =IFERROR(__xludf.DUMMYFUNCTION("""COMPUTED_VALUE"""),5145.0) -> 5145 | E39: =IFERROR(__xludf.DUMMYFUNCTION("""COMPUTED_VALUE"""),7105.501735499999) -> 7105.5017 | F39: =IFERROR(__xludf.DUMMYFUNCTION("""COMPUTED_VALUE"""),3.01) -> 3.01 | G39: =IFERROR(__xludf.DUMMYFUNCTION("""COMPUTED_VALUE"""),4.0) -> 4 | H39: =IFERROR(__xludf.DUMMYFUNCTION("""COMPUTED_VALUE"""),8.0) -> 8 | J39: =IFERROR(__xludf.DUMMYFUNCTION("""COMPUTED_VALUE"""),4.0) -> 4 | L39: =IFERROR(__xludf.DUMMYFUNCTION("""COMPUTED_VALUE"""),"Mexico") -> Mexico | M39: =IFERROR(__xludf.DUMMYFUNCTION("""COMPUTED_VALUE"""),"Puerto Vallarta") -> Puerto Vallarta | N39: =IFERROR(__xludf.DUMMYFUNCTION("""COMPUTED_VALUE"""),"Ordaz") -> Ordaz | O39: =IFERROR(__xludf.DUMMYFUNCTION("""COMPUTED_VALUE"""),TRUE) -> TRUE | P39: =IFERROR(__xludf.DUMMYFUNCTION("""COMPUTED_VALUE"""),0.004166666666666667) -> 0.0041666667 | Q39: =IFERROR(__xludf.DUMMYFUNCTION("""COMPUTED_VALUE"""),"Velas Resorts") -> Velas Resorts | R39: =IFERROR(__xludf.DUMMYFUNCTION("""COMPUTED_VALUE"""),"Charming, Romantic") -> Charming, Romantic | S39: =IFERROR(__xludf.DUMMYFUNCTION("""COMPUTED_VALUE"""),"Beach, Swim Out/Plunge Pool Rooms, Heated Pool, Gym, Room Service, Swim Up Bar, Wifi (Free), Golf Course, Spa, Evening Entertainment") -> Beach, Swim Out/Plunge Pool Rooms, Heated Pool, Gym, Room Service, Swim Up Bar, Wifi (Free), Golf Course, Spa, Evening Entertainment | V39: =IFERROR(__xludf.DUMMYFUNCTION("""COMPUTED_VALUE"""),FALSE) -> FALSE | W39: =IFERROR(__xludf.DUMMYFUNCTION("""COMPUTED_VALUE"""),80.0) -> 80 | Y39: =IFERROR(__xludf.DUMMYFUNCTION("""COMPUTED_VALUE"""),2015.0) -> 2015 | Z39: =IFERROR(__xludf.DUMMYFUNCTION("""COMPUTED_VALUE"""),4.0) -> 4
A40: =IFERROR(__xludf.DUMMYFUNCTION("""COMPUTED_VALUE"""),"Hermitage Bay") -> Hermitage Bay | B40: =IFERROR(__xludf.DUMMYFUNCTION("""COMPUTED_VALUE"""),95.5) -> 95.5 | C40: =IFERROR(__xludf.DUMMYFUNCTION("""COMPUTED_VALUE"""),"Adults Only") -> Adults Only | D40: =IFERROR(__xludf.DUMMYFUNCTION("""COMPUTED_VALUE"""),22472.8) -> 22472.8 | E40: =IFERROR(__xludf.DUMMYFUNCTION("""COMPUTED_VALUE"""),31036.058192719996) -> 31036.058 | F40: =IFERROR(__xludf.DUMMYFUNCTION("""COMPUTED_VALUE"""),0.69) -> 0.69 | H40: =IFERROR(__xludf.DUMMYFUNCTION("""COMPUTED_VALUE"""),9.0) -> 9 | J40: =IFERROR(__xludf.DUMMYFUNCTION("""COMPUTED_VALUE"""),5.0) -> 5 | L40: =IFERROR(__xludf.DUMMYFUNCTION("""COMPUTED_VALUE"""),"Antigua") -> Antigua | M40: =IFERROR(__xludf.DUMMYFUNCTION("""COMPUTED_VALUE"""),"Saint Mary's") -> Saint Mary's | N40: =IFERROR(__xludf.DUMMYFUNCTION("""COMPUTED_VALUE"""),"V.C. Bird") -> V.C. Bird | O40: =IFERROR(__xludf.DUMMYFUNCTION("""COMPUTED_VALUE"""),TRUE) -> TRUE | P40: =IFERROR(__xludf.DUMMYFUNCTION("""COMPUTED_VALUE"""),0.020833333333333332) -> 0.020833333 | R40: =IFERROR(__xludf.DUMMYFUNCTION("""COMPUTED_VALUE"""),"Romantic, Ocean View") -> Romantic, Ocean View | S40: =IFERROR(__xludf.DUMMYFUNCTION("""COMPUTED_VALUE"""),"Beach, Swim Out/Plunge Pool Rooms, Gym, Yoga Classes, Room Service, Diving, Horseback Riding, Windsurfing, Fishing, Wifi (Free), Hiking, Snorkelling, Spa, Evening Entertainment") -> Beach, Swim Out/Plunge Pool Rooms, Gym, Yoga Classes, Room Service, Diving, Horseback Riding, Windsurfing, Fishing, Wifi (Free), Hiking, Snorkelling, Spa, Evening Entertainment | V40: =IFERROR(__xludf.DUMMYFUNCTION("""COMPUTED_VALUE"""),FALSE) -> FALSE | W40: =IFERROR(__xludf.DUMMYFUNCTION("""COMPUTED_VALUE"""),30.0) -> 30 | X40: =IFERROR(__xludf.DUMMYFUNCTION("""COMPUTED_VALUE"""),2006.0) -> 2006 | Y40: =IFERROR(__xludf.DUMMYFUNCTION("""COMPUTED_VALUE"""),2013.0) -> 2013
A41: =IFERROR(__xludf.DUMMYFUNCTION("""COMPUTED_VALUE"""),"Keyonna Beach Resort") -> Keyonna Beach Resort | B41: =IFERROR(__xludf.DUMMYFUNCTION("""COMPUTED_VALUE"""),95.3) -> 95.3 | C41: =IFERROR(__xludf.DUMMYFUNCTION("""COMPUTED_VALUE"""),"Adults Only") -> Adults Only | D41: =IFERROR(__xludf.DUMMYFUNCTION("""COMPUTED_VALUE"""),4606.0) -> 4606 | E41: =IFERROR(__xludf.DUMMYFUNCTION("""COMPUTED_VALUE"""),6361.1158393999995) -> 6361.1158 | F41: =IFERROR(__xludf.DUMMYFUNCTION("""COMPUTED_VALUE"""),3.32) -> 3.32 | H41: =IFERROR(__xludf.DUMMYFUNCTION("""COMPUTED_VALUE"""),4.0) -> 4 | J41: =IFERROR(__xludf.DUMMYFUNCTION("""COMPUTED_VALUE"""),3.0) -> 3 | L41: =IFERROR(__xludf.DUMMYFUNCTION("""COMPUTED_VALUE"""),"Antigua") -> Antigua | M41: =IFERROR(__xludf.DUMMYFUNCTION("""COMPUTED_VALUE"""),"Turners Beach") -> Turners Beach | N41: =IFERROR(__xludf.DUMMYFUNCTION("""COMPUTED_VALUE"""),"V.C. Bird") -> V.C. Bird | O41: =IFERROR(__xludf.DUMMYFUNCTION("""COMPUTED_VALUE"""),TRUE) -> TRUE | P41: =IFERROR(__xludf.DUMMYFUNCTION("""COMPUTED_VALUE"""),0.021527777777777778) -> 0.021527778 | R41: =IFERROR(__xludf.DUMMYFUNCTION("""COMPUTED_VALUE"""),"Quaint") -> Quaint | S41: =IFERROR(__xludf.DUMMYFUNCTION("""COMPUTED_VALUE"""),"Beach, Swim Out/Plunge Pool Rooms, Yoga Classes, Snorkelling, Wifi (Free), Room Service, Evening Entertainment") -> Beach, Swim Out/Plunge Pool Rooms, Yoga Classes, Snorkelling, Wifi (Free), Room Service, Evening Entertainment | V41: =IFERROR(__xludf.DUMMYFUNCTION("""COMPUTED_VALUE"""),FALSE) -> FALSE | W41: =IFERROR(__xludf.DUMMYFUNCTION("""COMPUTED_VALUE"""),24.0) -> 24 | X41: =IFERROR(__xludf.DUMMYFUNCTION("""COMPUTED_VALUE"""),2013.0) -> 2013 | Z41: =IFERROR(__xludf.DUMMYFUNCTION("""COMPUTED_VALUE"""),2.0) -> 2
A42: =IFERROR(__xludf.DUMMYFUNCTION("""COMPUTED_VALUE"""),"Secrets Maroma Beach Riviera Cancun") -> Secrets Maroma Beach Riviera Cancun | B42: =IFERROR(__xludf.DUMMYFUNCTION("""COMPUTED_VALUE"""),95.3) -> 95.3 | C42: =IFERROR(__xludf.DUMMYFUNCTION("""COMPUTED_VALUE"""),"Adults Only") -> Adults Only | D42: =IFERROR(__xludf.DUMMYFUNCTION("""COMPUTED_VALUE"""),7280.0) -> 7280 | E42: =IFERROR(__xludf.DUMMYFUNCTION("""COMPUTED_VALUE"""),10054.043271999999) -> 10054.043 | F42: =IFERROR(__xludf.DUMMYFUNCTION("""COMPUTED_VALUE"""),2.1) -> 2.1 | G42: =IFERROR(__xludf.DUMMYFUNCTION("""COMPUTED_VALUE"""),5.0) -> 5 | H42: =IFERROR(__xludf.DUMMYFUNCTION("""COMPUTED_VALUE"""),9.0) -> 9 | I42: =IFERROR(__xludf.DUMMYFUNCTION("""COMPUTED_VALUE"""),"D") -> D | J42: =IFERROR(__xludf.DUMMYFUNCTION("""COMPUTED_VALUE"""),5.0) -> 5 | L42: =IFERROR(__xludf.DUMMYFUNCTION("""COMPUTED_VALUE"""),"Mexico") -> Mexico | M42: =IFERROR(__xludf.DUMMYFUNCTION("""COMPUTED_VALUE"""),"Playa Maroma") -> Playa Maroma | N42: =IFERROR(__xludf.DUMMYFUNCTION("""COMPUTED_VALUE"""),"Cancun") -> Cancun | O42: =IFERROR(__xludf.DUMMYFUNCTION("""COMPUTED_VALUE"""),TRUE) -> TRUE | P42: =IFERROR(__xludf.DUMMYFUNCTION("""COMPUTED_VALUE"""),0.025) -> 0.025 | Q42: =IFERROR(__xludf.DUMMYFUNCTION("""COMPUTED_VALUE"""),"Hyatt") -> Hyatt | R42: =IFERROR(__xludf.DUMMYFUNCTION("""COMPUTED_VALUE"""),"Green, Romantic") -> Green, Romantic | S42: =IFERROR(__xludf.DUMMYFUNCTION("""COMPUTED_VALUE"""),"Beach, Great Food, Swim Out/Plunge Pool Rooms, Gym, Diving, Swim Up Bar, Snorkelling, Spa, Wifi (Free), Room Service, Tennis, Nightclub, Evening Entertainment, Buffet") -> Beach, Great Food, Swim Out/Plunge Pool Rooms, Gym, Diving, Swim Up Bar, Snorkelling, Spa, Wifi (Free), Room Service, Tennis, Nightclub, Evening Entertainment, Buffet | V42: =IFERROR(__xludf.DUMMYFUNCTION("""COMPUTED_VALUE"""),FALSE) -> FALSE | W42: =IFERROR(__xludf.DUMMYFUNCTION("""COMPUTED_VALUE"""),412.0) -> 412 | X42: =IFERROR(__xludf.DUMMYFUNCTION("""COMPUTED_VALUE"""),2008.0) -> 2008 | Y42: =IFERROR(__xludf.DUMMYFUNCTION("""COMPUTED_VALUE"""),2018.0) -> 2018 | Z42: =IFERROR(__xludf.DUMMYFUNCTION("""COMPUTED_VALUE"""),4.0) -> 4
A43: =IFERROR(__xludf.DUMMYFUNCTION("""COMPUTED_VALUE"""),"Hyatt Ziva Cap Cana") -> Hyatt Ziva Cap Cana | B43: =IFERROR(__xludf.DUMMYFUNCTION("""COMPUTED_VALUE"""),95.3) -> 95.3 | C43: =IFERROR(__xludf.DUMMYFUNCTION("""COMPUTED_VALUE"""),"Family") -> Family | D43: =IFERROR(__xludf.DUMMYFUNCTION("""COMPUTED_VALUE"""),8188.11) -> 8188.11 | E43: =IFERROR(__xludf.DUMMYFUNCTION("""COMPUTED_VALUE"""),11308.188496688997) -> 11308.189 | F43: =IFERROR(__xludf.DUMMYFUNCTION("""COMPUTED_VALUE"""),1.87) -> 1.87 | G43: =IFERROR(__xludf.DUMMYFUNCTION("""COMPUTED_VALUE"""),4.0) -> 4 | H43: =IFERROR(__xludf.DUMMYFUNCTION("""COMPUTED_VALUE"""),8.0) -> 8 | I43: =IFERROR(__xludf.DUMMYFUNCTION("""COMPUTED_VALUE"""),"F") -> F | J43: =IFERROR(__xludf.DUMMYFUNCTION("""COMPUTED_VALUE"""),5.0) -> 5 | L43: =IFERROR(__xludf.DUMMYFUNCTION("""COMPUTED_VALUE"""),"Dominican Republic") -> Dominican Republic | M43: =IFERROR(__xludf.DUMMYFUNCTION("""COMPUTED_VALUE"""),"Cap Cana") -> Cap Cana | N43: =IFERROR(__xludf.DUMMYFUNCTION("""COMPUTED_VALUE"""),"Punta Cana") -> Punta Cana | O43: =IFERROR(__xludf.DUMMYFUNCTION("""COMPUTED_VALUE"""),TRUE) -> TRUE | P43: =IFERROR(__xludf.DUMMYFUNCTION("""COMPUTED_VALUE"""),0.011111111111111112) -> 0.011111111 | Q43: =IFERROR(__xludf.DUMMYFUNCTION("""COMPUTED_VALUE"""),"Hyatt") -> Hyatt | R43: =IFERROR(__xludf.DUMMYFUNCTION("""COMPUTED_VALUE"""),"Business, Romantic") -> Business, Romantic | S43: =IFERROR(__xludf.DUMMYFUNCTION("""COMPUTED_VALUE"""),"Beach, Swim Out/Plunge Pool Rooms, Kids Club, Teen Club, Lazy River, Kids Waterpark, Big Waterslides, Heated Pool, Gym, Yoga Classes, Adult Pool, Swim Up Bar, Horseback Riding, Nightclub, Wifi (Free), Babysitting, Room Service, Snorkelling, Watersports Eq"&"uipment Rentals, Spa, Evening Entertainment, Buffet") -> Beach, Swim Out/Plunge Pool Rooms, Kids Club, Teen Club, Lazy River, Kids Waterpark, Big Waterslides, Heated Pool, Gym, Yoga Classes, Adult Pool, Swim Up Bar, Horseback Riding, Nightclub, Wifi (Free), Babysitting, Room Service, Snorkelling, Watersports Equipment Rentals, Spa, Evening Entertainment, Buffet | T43: =IFERROR(__xludf.DUMMYFUNCTION("""COMPUTED_VALUE"""),"Can Request") -> Can Request | U43: =IFERROR(__xludf.DUMMYFUNCTION("""COMPUTED_VALUE"""),"2 Queen and 1 Queen Sofa Bed") -> 2 Queen and 1 Queen Sofa Bed | V43: =IFERROR(__xludf.DUMMYFUNCTION("""COMPUTED_VALUE"""),FALSE) -> FALSE | W43: =IFERROR(__xludf.DUMMYFUNCTION("""COMPUTED_VALUE"""),375.0) -> 375 | X43: =IFERROR(__xludf.DUMMYFUNCTION("""COMPUTED_VALUE"""),2019.0) -> 2019 | Z43: =IFERROR(__xludf.DUMMYFUNCTION("""COMPUTED_VALUE"""),8.0) -> 8
A44: =IFERROR(__xludf.DUMMYFUNCTION("""COMPUTED_VALUE"""),"Le Blanc Spa Resort Cancun") -> Le Blanc Spa Resort Cancun | B44: =IFERROR(__xludf.DUMMYFUNCTION("""COMPUTED_VALUE"""),95.0) -> 95 | C44: =IFERROR(__xludf.DUMMYFUNCTION("""COMPUTED_VALUE"""),"Adults Only") -> Adults Only | D44: =IFERROR(__xludf.DUMMYFUNCTION("""COMPUTED_VALUE"""),7882.0) -> 7882 | E44: =IFERROR(__xludf.DUMMYFUNCTION("""COMPUTED_VALUE"""),10885.435311799998) -> 10885.435 | F44: =IFERROR(__xludf.DUMMYFUNCTION("""COMPUTED_VALUE"""),1.9) -> 1.9 | G44: =IFERROR(__xludf.DUMMYFUNCTION("""COMPUTED_VALUE"""),5.0) -> 5 | H44: =IFERROR(__xludf.DUMMYFUNCTION("""COMPUTED_VALUE"""),9.0) -> 9 | J44: =IFERROR(__xludf.DUMMYFUNCTION("""COMPUTED_VALUE"""),5.0) -> 5 | L44: =IFERROR(__xludf.DUMMYFUNCTION("""COMPUTED_VALUE"""),"Mexico") -> Mexico | M44: =IFERROR(__xludf.DUMMYFUNCTION("""COMPUTED_VALUE"""),"Cancun") -> Cancun | N44: =IFERROR(__xludf.DUMMYFUNCTION("""COMPUTED_VALUE"""),"Cancun") -> Cancun | O44: =IFERROR(__xludf.DUMMYFUNCTION("""COMPUTED_VALUE"""),TRUE) -> TRUE | P44: =IFERROR(__xludf.DUMMYFUNCTION("""COMPUTED_VALUE"""),0.017361111111111112) -> 0.017361111 | Q44: =IFERROR(__xludf.DUMMYFUNCTION("""COMPUTED_VALUE"""),"Palace Resorts") -> Palace Resorts | R44: =IFERROR(__xludf.DUMMYFUNCTION("""COMPUTED_VALUE"""),"Luxury, Quiet") -> Luxury, Quiet | S44: =IFERROR(__xludf.DUMMYFUNCTION("""COMPUTED_VALUE"""),"Beach, Great Food, Heated Pool, Gym, Diving, Room Service, Swim Up Bar, Nightclub, Spa, Wifi (Free), Fishing, Evening Entertainment, Buffet") -> Beach, Great Food, Heated Pool, Gym, Diving, Room Service, Swim Up Bar, Nightclub, Spa, Wifi (Free), Fishing, Evening Entertainment, Buffet | V44: =IFERROR(__xludf.DUMMYFUNCTION("""COMPUTED_VALUE"""),TRUE) -> TRUE | W44: =IFERROR(__xludf.DUMMYFUNCTION("""COMPUTED_VALUE"""),260.0) -> 260 | X44: =IFERROR(__xludf.DUMMYFUNCTION("""COMPUTED_VALUE"""),1987.0) -> 1987 | Y44: =IFERROR(__xludf.DUMMYFUNCTION("""COMPUTED_VALUE"""),2019.0) -> 2019 | Z44: =IFERROR(__xludf.DUMMYFUNCTION("""COMPUTED_VALUE"""),9.0) -> 9
A45: =IFERROR(__xludf.DUMMYFUNCTION("""COMPUTED_VALUE"""),"BodyHoliday Saint Lucia") -> BodyHoliday Saint Lucia | B45: =IFERROR(__xludf.DUMMYFUNCTION("""COMPUTED_VALUE"""),95.0) -> 95 | C45: =IFERROR(__xludf.DUMMYFUNCTION("""COMPUTED_VALUE"""),"Adults Only") -> Adults Only | D45: =IFERROR(__xludf.DUMMYFUNCTION("""COMPUTED_VALUE"""),11725.0) -> 11725 | E45: =IFERROR(__xludf.DUMMYFUNCTION("""COMPUTED_VALUE"""),16192.810077499998) -> 16192.81 | F45: =IFERROR(__xludf.DUMMYFUNCTION("""COMPUTED_VALUE"""),1.28) -> 1.28 | H45: =IFERROR(__xludf.DUMMYFUNCTION("""COMPUTED_VALUE"""),9.0) -> 9 | J45: =IFERROR(__xludf.DUMMYFUNCTION("""COMPUTED_VALUE"""),4.0) -> 4 | L45: =IFERROR(__xludf.DUMMYFUNCTION("""COMPUTED_VALUE"""),"Saint Lucia") -> Saint Lucia | M45: =IFERROR(__xludf.DUMMYFUNCTION("""COMPUTED_VALUE"""),"Cap Estate") -> Cap Estate | N45: =IFERROR(__xludf.DUMMYFUNCTION("""COMPUTED_VALUE"""),"Hewanorra") -> Hewanorra | O45: =IFERROR(__xludf.DUMMYFUNCTION("""COMPUTED_VALUE"""),FALSE) -> FALSE | P45: =IFERROR(__xludf.DUMMYFUNCTION("""COMPUTED_VALUE"""),0.059722222222222225) -> 0.059722222 | R45: =IFERROR(__xludf.DUMMYFUNCTION("""COMPUTED_VALUE"""),"Romantic") -> Romantic | S45: =IFERROR(__xludf.DUMMYFUNCTION("""COMPUTED_VALUE"""),"Beach, Gym, Archery, Yoga Classes, Hiking, Tennis, Nightclub, Bicycles Available, Diving, Golf Course, Snorkelling, Windsurfing, Spa, Evening Entertainment, Buffet") -> Beach, Gym, Archery, Yoga Classes, Hiking, Tennis, Nightclub, Bicycles Available, Diving, Golf Course, Snorkelling, Windsurfing, Spa, Evening Entertainment, Buffet | V45: =IFERROR(__xludf.DUMMYFUNCTION("""COMPUTED_VALUE"""),FALSE) -> FALSE | W45: =IFERROR(__xludf.DUMMYFUNCTION("""COMPUTED_VALUE"""),155.0) -> 155 | X45: =IFERROR(__xludf.DUMMYFUNCTION("""COMPUTED_VALUE"""),1973.0) -> 1973 | Y45: =IFERROR(__xludf.DUMMYFUNCTION("""COMPUTED_VALUE"""),2019.0) -> 2019 | Z45: =IFERROR(__xludf.DUMMYFUNCTION("""COMPUTED_VALUE"""),4.0) -> 4
A46: =IFERROR(__xludf.DUMMYFUNCTION("""COMPUTED_VALUE"""),"ATELIER Playa Mujeres (16+)") -> ATELIER Playa Mujeres (16+) | B46: =IFERROR(__xludf.DUMMYFUNCTION("""COMPUTED_VALUE"""),94.8) -> 94.8 | C46: =IFERROR(__xludf.DUMMYFUNCTION("""COMPUTED_VALUE"""),"Adults Only") -> Adults Only | D46: =IFERROR(__xludf.DUMMYFUNCTION("""COMPUTED_VALUE"""),7196.0) -> 7196 | E46: =IFERROR(__xludf.DUMMYFUNCTION("""COMPUTED_VALUE"""),9938.035080399999) -> 9938.0351 | F46: =IFERROR(__xludf.DUMMYFUNCTION("""COMPUTED_VALUE"""),2.06) -> 2.06 | H46: =IFERROR(__xludf.DUMMYFUNCTION("""COMPUTED_VALUE"""),8.0) -> 8 | J46: =IFERROR(__xludf.DUMMYFUNCTION("""COMPUTED_VALUE"""),5.0) -> 5 | K46: =IFERROR(__xludf.DUMMYFUNCTION("""COMPUTED_VALUE"""),"16+ Allowed") -> 16+ Allowed | L46: =IFERROR(__xludf.DUMMYFUNCTION("""COMPUTED_VALUE"""),"Mexico") -> Mexico | M46: =IFERROR(__xludf.DUMMYFUNCTION("""COMPUTED_VALUE"""),"Playa Mujeres") -> Playa Mujeres | N46: =IFERROR(__xludf.DUMMYFUNCTION("""COMPUTED_VALUE"""),"Cancun") -> Cancun | O46: =IFERROR(__xludf.DUMMYFUNCTION("""COMPUTED_VALUE"""),TRUE) -> TRUE | P46: =IFERROR(__xludf.DUMMYFUNCTION("""COMPUTED_VALUE"""),0.014583333333333334) -> 0.014583333 | Q46: =IFERROR(__xludf.DUMMYFUNCTION("""COMPUTED_VALUE"""),"Atelier Des Hoteles") -> Atelier Des Hoteles | R46: =IFERROR(__xludf.DUMMYFUNCTION("""COMPUTED_VALUE"""),"Business, Romantic") -> Business, Romantic | S46: =IFERROR(__xludf.DUMMYFUNCTION("""COMPUTED_VALUE"""),"Beach, Great Food, Swim Out/Plunge Pool Rooms, Heated Pool, Gym, Bicycles Available, Room Service, Snorkelling, Spa, Wifi (Free), Pets Allowed, Swim Up Bar, Golf Course, Watersports Equipment Rentals, Nightclub, Evening Entertainment, Buffet") -> Beach, Great Food, Swim Out/Plunge Pool Rooms, Heated Pool, Gym, Bicycles Available, Room Service, Snorkelling, Spa, Wifi (Free), Pets Allowed, Swim Up Bar, Golf Course, Watersports Equipment Rentals, Nightclub, Evening Entertainment, Buffet | V46: =IFERROR(__xludf.DUMMYFUNCTION("""COMPUTED_VALUE"""),FALSE) -> FALSE | W46: =IFERROR(__xludf.DUMMYFUNCTION("""COMPUTED_VALUE"""),593.0) -> 593 | X46: =IFERROR(__xludf.DUMMYFUNCTION("""COMPUTED_VALUE"""),2018.0) -> 2018 | Y46: =IFERROR(__xludf.DUMMYFUNCTION("""COMPUTED_VALUE"""),2022.0) -> 2022 | Z46: =IFERROR(__xludf.DUMMYFUNCTION("""COMPUTED_VALUE"""),5.0) -> 5
A47: =IFERROR(__xludf.DUMMYFUNCTION("""COMPUTED_VALUE"""),"Hotel Serendipity Tortuguero (No alcohol)") -> Hotel Serendipity Tortuguero (No alcohol) | B47: =IFERROR(__xludf.DUMMYFUNCTION("""COMPUTED_VALUE"""),94.7) -> 94.7 | C47: =IFERROR(__xludf.DUMMYFUNCTION("""COMPUTED_VALUE"""),"Adults Only") -> Adults Only | D47: =IFERROR(__xludf.DUMMYFUNCTION("""COMPUTED_VALUE"""),1650.59) -> 1650.59 | E47: =IFERROR(__xludf.DUMMYFUNCTION("""COMPUTED_VALUE"""),2279.5471544409997) -> 2279.5472 | F47: =IFERROR(__xludf.DUMMYFUNCTION("""COMPUTED_VALUE"""),8.91) -> 8.91 | K47: =IFERROR(__xludf.DUMMYFUNCTION("""COMPUTED_VALUE"""),"No Alcohol") -> No Alcohol | L47: =IFERROR(__xludf.DUMMYFUNCTION("""COMPUTED_VALUE"""),"Costa Rica") -> Costa Rica | M47: =IFERROR(__xludf.DUMMYFUNCTION("""COMPUTED_VALUE"""),"Tortuguero") -> Tortuguero | N47: =IFERROR(__xludf.DUMMYFUNCTION("""COMPUTED_VALUE"""),"Tortuquero") -> Tortuquero | O47: =IFERROR(__xludf.DUMMYFUNCTION("""COMPUTED_VALUE"""),FALSE) -> FALSE | P47: =IFERROR(__xludf.DUMMYFUNCTION("""COMPUTED_VALUE"""),6.944444444444445E-4) -> 0.00069444444 | R47: =IFERROR(__xludf.DUMMYFUNCTION("""COMPUTED_VALUE"""),"City View") -> City View | S47: =IFERROR(__xludf.DUMMYFUNCTION("""COMPUTED_VALUE"""),"Beach, Hiking, Room Service, Fishing, Wifi (Free)") -> Beach, Hiking, Room Service, Fishing, Wifi (Free) | V47: =IFERROR(__xludf.DUMMYFUNCTION("""COMPUTED_VALUE"""),FALSE) -> FALSE
A48: =IFERROR(__xludf.DUMMYFUNCTION("""COMPUTED_VALUE"""),"Manchebo Beach Resort & Spa") -> Manchebo Beach Resort & Spa | B48: =IFERROR(__xludf.DUMMYFUNCTION("""COMPUTED_VALUE"""),94.7) -> 94.7 | C48: =IFERROR(__xludf.DUMMYFUNCTION("""COMPUTED_VALUE"""),"Adults Only") -> Adults Only | D48: =IFERROR(__xludf.DUMMYFUNCTION("""COMPUTED_VALUE"""),7672.0) -> 7672 | E48: =IFERROR(__xludf.DUMMYFUNCTION("""COMPUTED_VALUE"""),10595.4148328) -> 10595.415 | F48: =IFERROR(__xludf.DUMMYFUNCTION("""COMPUTED_VALUE"""),1.92) -> 1.92 | H48: =IFERROR(__xludf.DUMMYFUNCTION("""COMPUTED_VALUE"""),6.0) -> 6 | J48: =IFERROR(__xludf.DUMMYFUNCTION("""COMPUTED_VALUE"""),4.0) -> 4 | L48: =IFERROR(__xludf.DUMMYFUNCTION("""COMPUTED_VALUE"""),"Aruba") -> Aruba | M48: =IFERROR(__xludf.DUMMYFUNCTION("""COMPUTED_VALUE"""),"Palm - Eagle Beach") -> Palm - Eagle Beach | N48: =IFERROR(__xludf.DUMMYFUNCTION("""COMPUTED_VALUE"""),"Reina Beatrix") -> Reina Beatrix | O48: =IFERROR(__xludf.DUMMYFUNCTION("""COMPUTED_VALUE"""),TRUE) -> TRUE | P48: =IFERROR(__xludf.DUMMYFUNCTION("""COMPUTED_VALUE"""),0.011805555555555555) -> 0.011805556 | R48: =IFERROR(__xludf.DUMMYFUNCTION("""COMPUTED_VALUE"""),"Great View, Bay View") -> Great View, Bay View | S48: =IFERROR(__xludf.DUMMYFUNCTION("""COMPUTED_VALUE"""),"Beach, Gym, Diving, Wifi (Free), Yoga Classes, Room Service, Snorkelling, Spa, Evening Entertainment") -> Beach, Gym, Diving, Wifi (Free), Yoga Classes, Room Service, Snorkelling, Spa, Evening Entertainment | V48: =IFERROR(__xludf.DUMMYFUNCTION("""COMPUTED_VALUE"""),FALSE) -> FALSE | W48: =IFERROR(__xludf.DUMMYFUNCTION("""COMPUTED_VALUE"""),72.0) -> 72 | X48: =IFERROR(__xludf.DUMMYFUNCTION("""COMPUTED_VALUE"""),1966.0) -> 1966 | Y48: =IFERROR(__xludf.DUMMYFUNCTION("""COMPUTED_VALUE"""),2006.0) -> 2006 | Z48: =IFERROR(__xludf.DUMMYFUNCTION("""COMPUTED_VALUE"""),2.0) -> 2
A49: =IFERROR(__xludf.DUMMYFUNCTION("""COMPUTED_VALUE"""),"Iberostar Coral Ensenachos") -> Iberostar Coral Ensenachos | B49: =IFERROR(__xludf.DUMMYFUNCTION("""COMPUTED_VALUE"""),94.5) -> 94.5 | C49: =IFERROR(__xludf.DUMMYFUNCTION("""COMPUTED_VALUE"""),"Adults Only") -> Adults Only | D49: =IFERROR(__xludf.DUMMYFUNCTION("""COMPUTED_VALUE"""),1783.12) -> 1783.12 | E49: =IFERROR(__xludf.DUMMYFUNCTION("""COMPUTED_VALUE"""),2462.5776976879997) -> 2462.5777 | F49: =IFERROR(__xludf.DUMMYFUNCTION("""COMPUTED_VALUE"""),8.13) -> 8.13 | J49: =IFERROR(__xludf.DUMMYFUNCTION("""COMPUTED_VALUE"""),5.0) -> 5 | L49: =IFERROR(__xludf.DUMMYFUNCTION("""COMPUTED_VALUE"""),"Cuba") -> Cuba | M49: =IFERROR(__xludf.DUMMYFUNCTION("""COMPUTED_VALUE"""),"Cayo Ensenachos") -> Cayo Ensenachos | N49: =IFERROR(__xludf.DUMMYFUNCTION("""COMPUTED_VALUE"""),"Santa Clara") -> Santa Clara | O49: =IFERROR(__xludf.DUMMYFUNCTION("""COMPUTED_VALUE"""),TRUE) -> TRUE | P49: =IFERROR(__xludf.DUMMYFUNCTION("""COMPUTED_VALUE"""),0.06458333333333334) -> 0.064583333 | Q49: =IFERROR(__xludf.DUMMYFUNCTION("""COMPUTED_VALUE"""),"IHG") -> IHG | S49: =IFERROR(__xludf.DUMMYFUNCTION("""COMPUTED_VALUE"""),"Beach, Gym, Archery, Yoga Classes, Room Service, Diving, Tennis, Wifi (Paid), Swim Up Bar, Snorkelling, Watersports Equipment Rentals, Spa, Evening Entertainment, Buffet") -> Beach, Gym, Archery, Yoga Classes, Room Service, Diving, Tennis, Wifi (Paid), Swim Up Bar, Snorkelling, Watersports Equipment Rentals, Spa, Evening Entertainment, Buffet | V49: =IFERROR(__xludf.DUMMYFUNCTION("""COMPUTED_VALUE"""),FALSE) -> FALSE
A50: =IFERROR(__xludf.DUMMYFUNCTION("""COMPUTED_VALUE"""),"Galley Bay Resort & Spa") -> Galley Bay Resort & Spa | B50: =IFERROR(__xludf.DUMMYFUNCTION("""COMPUTED_VALUE"""),94.5) -> 94.5 | C50: =IFERROR(__xludf.DUMMYFUNCTION("""COMPUTED_VALUE"""),"Adults Only") -> Adults Only | D50: =IFERROR(__xludf.DUMMYFUNCTION("""COMPUTED_VALUE"""),9336.6) -> 9336.6 | E50: =IFERROR(__xludf.DUMMYFUNCTION("""COMPUTED_VALUE"""),12894.310496339998) -> 12894.31 | F50: =IFERROR(__xludf.DUMMYFUNCTION("""COMPUTED_VALUE"""),1.55) -> 1.55 | G50: =IFERROR(__xludf.DUMMYFUNCTION("""COMPUTED_VALUE"""),3.0) -> 3 | H50: =IFERROR(__xludf.DUMMYFUNCTION("""COMPUTED_VALUE"""),7.0) -> 7 | J50: =IFERROR(__xludf.DUMMYFUNCTION("""COMPUTED_VALUE"""),5.0) -> 5 | L50: =IFERROR(__xludf.DUMMYFUNCTION("""COMPUTED_VALUE"""),"Antigua") -> Antigua | M50: =IFERROR(__xludf.DUMMYFUNCTION("""COMPUTED_VALUE"""),"Five Islands Village") -> Five Islands Village | N50: =IFERROR(__xludf.DUMMYFUNCTION("""COMPUTED_VALUE"""),"V.C. Bird") -> V.C. Bird | O50: =IFERROR(__xludf.DUMMYFUNCTION("""COMPUTED_VALUE"""),TRUE) -> TRUE | P50: =IFERROR(__xludf.DUMMYFUNCTION("""COMPUTED_VALUE"""),0.016666666666666666) -> 0.016666667 | R50: =IFERROR(__xludf.DUMMYFUNCTION("""COMPUTED_VALUE"""),"Great View, Bay View") -> Great View, Bay View | S50: =IFERROR(__xludf.DUMMYFUNCTION("""COMPUTED_VALUE"""),"Beach, Gym, Bicycles Available, Yoga Classes, Tennis, Wifi (Paid), Snorkelling, Fishing, Spa, Buffet") -> Beach, Gym, Bicycles Available, Yoga Classes, Tennis, Wifi (Paid), Snorkelling, Fishing, Spa, Buffet | V50: =IFERROR(__xludf.DUMMYFUNCTION("""COMPUTED_VALUE"""),FALSE) -> FALSE | W50: =IFERROR(__xludf.DUMMYFUNCTION("""COMPUTED_VALUE"""),298.0) -> 298 | X50: =IFERROR(__xludf.DUMMYFUNCTION("""COMPUTED_VALUE"""),1962.0) -> 1962 | Y50: =IFERROR(__xludf.DUMMYFUNCTION("""COMPUTED_VALUE"""),2023.0) -> 2023 | Z50: =IFERROR(__xludf.DUMMYFUNCTION("""COMPUTED_VALUE"""),2.0) -> 2
A51: =IFERROR(__xludf.DUMMYFUNCTION("""COMPUTED_VALUE"""),"Sugar Beach, A Viceroy Resort") -> Sugar Beach, A Viceroy Resort | B51: =IFERROR(__xludf.DUMMYFUNCTION("""COMPUTED_VALUE"""),94.5) -> 94.5 | C51: =IFERROR(__xludf.DUMMYFUNCTION("""COMPUTED_VALUE"""),"Family") -> Family | D51: =IFERROR(__xludf.DUMMYFUNCTION("""COMPUTED_VALUE"""),27685.0) -> 27685 | E51: =IFERROR(__xludf.DUMMYFUNCTION("""COMPUTED_VALUE"""),38234.366481499994) -> 38234.366 | F51: =IFERROR(__xludf.DUMMYFUNCTION("""COMPUTED_VALUE"""),0.52) -> 0.52 | G51: =IFERROR(__xludf.DUMMYFUNCTION("""COMPUTED_VALUE"""),4.0) -> 4 | H51: =IFERROR(__xludf.DUMMYFUNCTION("""COMPUTED_VALUE"""),9.0) -> 9 | J51: =IFERROR(__xludf.DUMMYFUNCTION("""COMPUTED_VALUE"""),5.0) -> 5 | L51: =IFERROR(__xludf.DUMMYFUNCTION("""COMPUTED_VALUE"""),"Saint Lucia") -> Saint Lucia | M51: =IFERROR(__xludf.DUMMYFUNCTION("""COMPUTED_VALUE"""),"Soufriere") -> Soufriere | N51: =IFERROR(__xludf.DUMMYFUNCTION("""COMPUTED_VALUE"""),"Hewanorra") -> Hewanorra | O51: =IFERROR(__xludf.DUMMYFUNCTION("""COMPUTED_VALUE"""),FALSE) -> FALSE | P51: =IFERROR(__xludf.DUMMYFUNCTION("""COMPUTED_VALUE"""),0.03819444444444445) -> 0.038194444 | Q51: =IFERROR(__xludf.DUMMYFUNCTION("""COMPUTED_VALUE"""),"Viceroy Hotels & Resorts") -> Viceroy Hotels & Resorts | R51: =IFERROR(__xludf.DUMMYFUNCTION("""COMPUTED_VALUE"""),"Family, Ocean View") -> Family, Ocean View | S51: =IFERROR(__xludf.DUMMYFUNCTION("""COMPUTED_VALUE"""),"Beach, Swim Out/Plunge Pool Rooms, Family Suite, 2 Bedroom Suites, Kids Club, Heated Pool, Gym, Yoga Classes, Diving, Snorkelling, Wifi (Free), Babysitting, Hiking, Tennis, Fishing, Spa, Evening Entertainment, Buffet") -> Beach, Swim Out/Plunge Pool Rooms, Family Suite, 2 Bedroom Suites, Kids Club, Heated Pool, Gym, Yoga Classes, Diving, Snorkelling, Wifi (Free), Babysitting, Hiking, Tennis, Fishing, Spa, Evening Entertainment, Buffet | U51: =IFERROR(__xludf.DUMMYFUNCTION("""COMPUTED_VALUE"""),"1 King and 1 Sofa Bed") -> 1 King and 1 Sofa Bed | V51: =IFERROR(__xludf.DUMMYFUNCTION("""COMPUTED_VALUE"""),FALSE) -> FALSE | W51: =IFERROR(__xludf.DUMMYFUNCTION("""COMPUTED_VALUE"""),130.0) -> 130 | X51: =IFERROR(__xludf.DUMMYFUNCTION("""COMPUTED_VALUE"""),1989.0) -> 1989 | Y51: =IFERROR(__xludf.DUMMYFUNCTION("""COMPUTED_VALUE"""),2021.0) -> 2021 | Z51: =IFERROR(__xludf.DUMMYFUNCTION("""COMPUTED_VALUE"""),1.0) -> 1
A52: =IFERROR(__xludf.DUMMYFUNCTION("""COMPUTED_VALUE"""),"Valentin Imperial Riviera Maya") -> Valentin Imperial Riviera Maya | B52: =IFERROR(__xludf.DUMMYFUNCTION("""COMPUTED_VALUE"""),94.3) -> 94.3 | C52: =IFERROR(__xludf.DUMMYFUNCTION("""COMPUTED_VALUE"""),"Adults Only") -> Adults Only | D52: =IFERROR(__xludf.DUMMYFUNCTION("""COMPUTED_VALUE"""),4013.39) -> 4013.39 | E52: =IFERROR(__xludf.DUMMYFUNCTION("""COMPUTED_VALUE"""),5542.691858160999) -> 5542.6919 | F52: =IFERROR(__xludf.DUMMYFUNCTION("""COMPUTED_VALUE"""),3.56) -> 3.56 | H52: =IFERROR(__xludf.DUMMYFUNCTION("""COMPUTED_VALUE"""),8.0) -> 8 | J52: =IFERROR(__xludf.DUMMYFUNCTION("""COMPUTED_VALUE"""),5.0) -> 5 | L52: =IFERROR(__xludf.DUMMYFUNCTION("""COMPUTED_VALUE"""),"Mexico") -> Mexico | M52: =IFERROR(__xludf.DUMMYFUNCTION("""COMPUTED_VALUE"""),"Playa del Secreto") -> Playa del Secreto | N52: =IFERROR(__xludf.DUMMYFUNCTION("""COMPUTED_VALUE"""),"Cancun") -> Cancun | O52: =IFERROR(__xludf.DUMMYFUNCTION("""COMPUTED_VALUE"""),TRUE) -> TRUE | P52: =IFERROR(__xludf.DUMMYFUNCTION("""COMPUTED_VALUE"""),0.022916666666666665) -> 0.022916667 | S52: =IFERROR(__xludf.DUMMYFUNCTION("""COMPUTED_VALUE"""),"Beach, Great Food, Swim Out/Plunge Pool Rooms, Gym, Archery, Yoga Classes, Diving, Tennis, Room Service, Swim Up Bar, Bicycles Available, Nightclub, Spa, Evening Entertainment, Buffet") -> Beach, Great Food, Swim Out/Plunge Pool Rooms, Gym, Archery, Yoga Classes, Diving, Tennis, Room Service, Swim Up Bar, Bicycles Available, Nightclub, Spa, Evening Entertainment, Buffet | V52: =IFERROR(__xludf.DUMMYFUNCTION("""COMPUTED_VALUE"""),FALSE) -> FALSE | W52: =IFERROR(__xludf.DUMMYFUNCTION("""COMPUTED_VALUE"""),540.0) -> 540 | X52: =IFERROR(__xludf.DUMMYFUNCTION("""COMPUTED_VALUE"""),2007.0) -> 2007 | Z52: =IFERROR(__xludf.DUMMYFUNCTION("""COMPUTED_VALUE"""),3.0) -> 3
A53: =IFERROR(__xludf.DUMMYFUNCTION("""COMPUTED_VALUE"""),"JOIA Rose Hall by Iberostar") -> JOIA Rose Hall by Iberostar | B53: =IFERROR(__xludf.DUMMYFUNCTION("""COMPUTED_VALUE"""),94.3) -> 94.3 | C53: =IFERROR(__xludf.DUMMYFUNCTION("""COMPUTED_VALUE"""),"Adults Only") -> Adults Only | D53: =IFERROR(__xludf.DUMMYFUNCTION("""COMPUTED_VALUE"""),4527.6) -> 4527.6 | E53: =IFERROR(__xludf.DUMMYFUNCTION("""COMPUTED_VALUE"""),6252.84152724) -> 6252.8415 | F53: =IFERROR(__xludf.DUMMYFUNCTION("""COMPUTED_VALUE"""),3.16) -> 3.16 | H53: =IFERROR(__xludf.DUMMYFUNCTION("""COMPUTED_VALUE"""),9.0) -> 9 | J53: =IFERROR(__xludf.DUMMYFUNCTION("""COMPUTED_VALUE"""),5.0) -> 5 | L53: =IFERROR(__xludf.DUMMYFUNCTION("""COMPUTED_VALUE"""),"Jamaica") -> Jamaica | M53: =IFERROR(__xludf.DUMMYFUNCTION("""COMPUTED_VALUE"""),"Rose Hall") -> Rose Hall | N53: =IFERROR(__xludf.DUMMYFUNCTION("""COMPUTED_VALUE"""),"Sangster") -> Sangster | O53: =IFERROR(__xludf.DUMMYFUNCTION("""COMPUTED_VALUE"""),TRUE) -> TRUE | P53: =IFERROR(__xludf.DUMMYFUNCTION("""COMPUTED_VALUE"""),0.013888888888888888) -> 0.013888889 | Q53: =IFERROR(__xludf.DUMMYFUNCTION("""COMPUTED_VALUE"""),"IHG") -> IHG | R53: =IFERROR(__xludf.DUMMYFUNCTION("""COMPUTED_VALUE"""),"Charming, Modern") -> Charming, Modern | S53: =IFERROR(__xludf.DUMMYFUNCTION("""COMPUTED_VALUE"""),"Beach, Swim Out/Plunge Pool Rooms, Gym, Casino, Swim Up Bar, Diving, Room Service, Tennis, Fishing, Nightclub, Spa, Evening Entertainment, Buffet") -> Beach, Swim Out/Plunge Pool Rooms, Gym, Casino, Swim Up Bar, Diving, Room Service, Tennis, Fishing, Nightclub, Spa, Evening Entertainment, Buffet | V53: =IFERROR(__xludf.DUMMYFUNCTION("""COMPUTED_VALUE"""),FALSE) -> FALSE | W53: =IFERROR(__xludf.DUMMYFUNCTION("""COMPUTED_VALUE"""),295.0) -> 295 | X53: =IFERROR(__xludf.DUMMYFUNCTION("""COMPUTED_VALUE"""),2009.0) -> 2009
A54: =IFERROR(__xludf.DUMMYFUNCTION("""COMPUTED_VALUE"""),"Grand Residences Riviera Cancun") -> Grand Residences Riviera Cancun | B54: =IFERROR(__xludf.DUMMYFUNCTION("""COMPUTED_VALUE"""),94.3) -> 94.3 | C54: =IFERROR(__xludf.DUMMYFUNCTION("""COMPUTED_VALUE"""),"Family") -> Family | D54: =IFERROR(__xludf.DUMMYFUNCTION("""COMPUTED_VALUE"""),4748.83) -> 4748.83 | E54: =IFERROR(__xludf.DUMMYFUNCTION("""COMPUTED_VALUE"""),6558.371196616999) -> 6558.3712 | F54: =IFERROR(__xludf.DUMMYFUNCTION("""COMPUTED_VALUE"""),3.01) -> 3.01 | H54: =IFERROR(__xludf.DUMMYFUNCTION("""COMPUTED_VALUE"""),9.0) -> 9 | J54: =IFERROR(__xludf.DUMMYFUNCTION("""COMPUTED_VALUE"""),5.0) -> 5 | L54: =IFERROR(__xludf.DUMMYFUNCTION("""COMPUTED_VALUE"""),"Mexico") -> Mexico | M54: =IFERROR(__xludf.DUMMYFUNCTION("""COMPUTED_VALUE"""),"Puerto Morelos") -> Puerto Morelos | N54: =IFERROR(__xludf.DUMMYFUNCTION("""COMPUTED_VALUE"""),"Cancun") -> Cancun | O54: =IFERROR(__xludf.DUMMYFUNCTION("""COMPUTED_VALUE"""),TRUE) -> TRUE | P54: =IFERROR(__xludf.DUMMYFUNCTION("""COMPUTED_VALUE"""),0.019444444444444445) -> 0.019444444 | R54: =IFERROR(__xludf.DUMMYFUNCTION("""COMPUTED_VALUE"""),"Hidden Gem, Great View") -> Hidden Gem, Great View | S54: =IFERROR(__xludf.DUMMYFUNCTION("""COMPUTED_VALUE"""),"Beach, Swim Out/Plunge Pool Rooms, Family Suite, 2 Bedroom Suites, Kids Club, Heated Pool, Gym, Bicycles Available, Room Service, Swim Up Bar, Diving, Snorkelling, Wifi (Free), Adult Pool, Tennis, Babysitting, Buffet") -> Beach, Swim Out/Plunge Pool Rooms, Family Suite, 2 Bedroom Suites, Kids Club, Heated Pool, Gym, Bicycles Available, Room Service, Swim Up Bar, Diving, Snorkelling, Wifi (Free), Adult Pool, Tennis, Babysitting, Buffet | T54: =IFERROR(__xludf.DUMMYFUNCTION("""COMPUTED_VALUE"""),"Can't Book Two Rooms") -> Can't Book Two Rooms | U54: =IFERROR(__xludf.DUMMYFUNCTION("""COMPUTED_VALUE"""),"2 Double") -> 2 Double | V54: =IFERROR(__xludf.DUMMYFUNCTION("""COMPUTED_VALUE"""),FALSE) -> FALSE | W54: =IFERROR(__xludf.DUMMYFUNCTION("""COMPUTED_VALUE"""),144.0) -> 144 | X54: =IFERROR(__xludf.DUMMYFUNCTION("""COMPUTED_VALUE"""),2013.0) -> 2013 | Z54: =IFERROR(__xludf.DUMMYFUNCTION("""COMPUTED_VALUE"""),5.0) -> 5
A55: =IFERROR(__xludf.DUMMYFUNCTION("""COMPUTED_VALUE"""),"COCOS Hotel Antigua (No TV)") -> COCOS Hotel Antigua (No TV) | B55: =IFERROR(__xludf.DUMMYFUNCTION("""COMPUTED_VALUE"""),94.3) -> 94.3 | C55: =IFERROR(__xludf.DUMMYFUNCTION("""COMPUTED_VALUE"""),"Adults Only") -> Adults Only | D55: =IFERROR(__xludf.DUMMYFUNCTION("""COMPUTED_VALUE"""),5431.72) -> 5431.72 | E55: =IFERROR(__xludf.DUMMYFUNCTION("""COMPUTED_VALUE"""),7501.476362828) -> 7501.4764 | F55: =IFERROR(__xludf.DUMMYFUNCTION("""COMPUTED_VALUE"""),2.63) -> 2.63 | H55: =IFERROR(__xludf.DUMMYFUNCTION("""COMPUTED_VALUE"""),4.0) -> 4 | K55: =IFERROR(__xludf.DUMMYFUNCTION("""COMPUTED_VALUE"""),"No TV") -> No TV | L55: =IFERROR(__xludf.DUMMYFUNCTION("""COMPUTED_VALUE"""),"Antigua") -> Antigua | M55: =IFERROR(__xludf.DUMMYFUNCTION("""COMPUTED_VALUE"""),"Jolly Harbour") -> Jolly Harbour | N55: =IFERROR(__xludf.DUMMYFUNCTION("""COMPUTED_VALUE"""),"V.C. Bird") -> V.C. Bird | O55: =IFERROR(__xludf.DUMMYFUNCTION("""COMPUTED_VALUE"""),TRUE) -> TRUE | P55: =IFERROR(__xludf.DUMMYFUNCTION("""COMPUTED_VALUE"""),0.019444444444444445) -> 0.019444444 | R55: =IFERROR(__xludf.DUMMYFUNCTION("""COMPUTED_VALUE"""),"Ocean View, Bay View") -> Ocean View, Bay View | S55: =IFERROR(__xludf.DUMMYFUNCTION("""COMPUTED_VALUE"""),"Beach, Swim Out/Plunge Pool Rooms, Yoga Classes, Room Service, Snorkelling, Wifi (Free), Diving, Fishing, Evening Entertainment") -> Beach, Swim Out/Plunge Pool Rooms, Yoga Classes, Room Service, Snorkelling, Wifi (Free), Diving, Fishing, Evening Entertainment | V55: =IFERROR(__xludf.DUMMYFUNCTION("""COMPUTED_VALUE"""),FALSE) -> FALSE | W55: =IFERROR(__xludf.DUMMYFUNCTION("""COMPUTED_VALUE"""),34.0) -> 34
A56: =IFERROR(__xludf.DUMMYFUNCTION("""COMPUTED_VALUE"""),"El Dorado Maroma") -> El Dorado Maroma | B56: =IFERROR(__xludf.DUMMYFUNCTION("""COMPUTED_VALUE"""),94.3) -> 94.3 | C56: =IFERROR(__xludf.DUMMYFUNCTION("""COMPUTED_VALUE"""),"Adults Only") -> Adults Only | D56: =IFERROR(__xludf.DUMMYFUNCTION("""COMPUTED_VALUE"""),5502.0) -> 5502 | E56: =IFERROR(__xludf.DUMMYFUNCTION("""COMPUTED_VALUE"""),7598.536549799999) -> 7598.5365 | F56: =IFERROR(__xludf.DUMMYFUNCTION("""COMPUTED_VALUE"""),2.6) -> 2.6 | H56: =IFERROR(__xludf.DUMMYFUNCTION("""COMPUTED_VALUE"""),9.0) -> 9 | J56: =IFERROR(__xludf.DUMMYFUNCTION("""COMPUTED_VALUE"""),5.0) -> 5 | L56: =IFERROR(__xludf.DUMMYFUNCTION("""COMPUTED_VALUE"""),"Mexico") -> Mexico | M56: =IFERROR(__xludf.DUMMYFUNCTION("""COMPUTED_VALUE"""),"Playa Maroma") -> Playa Maroma | N56: =IFERROR(__xludf.DUMMYFUNCTION("""COMPUTED_VALUE"""),"Cancun") -> Cancun | O56: =IFERROR(__xludf.DUMMYFUNCTION("""COMPUTED_VALUE"""),TRUE) -> TRUE | P56: =IFERROR(__xludf.DUMMYFUNCTION("""COMPUTED_VALUE"""),0.019444444444444445) -> 0.019444444 | R56: =IFERROR(__xludf.DUMMYFUNCTION("""COMPUTED_VALUE"""),"Hidden Gem, Romantic") -> Hidden Gem, Romantic | S56: =IFERROR(__xludf.DUMMYFUNCTION("""COMPUTED_VALUE"""),"Beach, Gym, Wifi (Paid), Room Service, Snorkelling, Fishing, Nightclub, Spa, Swim Up Bar, Diving, Evening Entertainment") -> Beach, Gym, Wifi (Paid), Room Service, Snorkelling, Fishing, Nightclub, Spa, Swim Up Bar, Diving, Evening Entertainment | V56: =IFERROR(__xludf.DUMMYFUNCTION("""COMPUTED_VALUE"""),FALSE) -> FALSE | W56: =IFERROR(__xludf.DUMMYFUNCTION("""COMPUTED_VALUE"""),157.0) -> 157 | X56: =IFERROR(__xludf.DUMMYFUNCTION("""COMPUTED_VALUE"""),2007.0) -> 2007
A57: =IFERROR(__xludf.DUMMYFUNCTION("""COMPUTED_VALUE"""),"Desire Riviera Maya Pearl Resort (Clothing optional, Couples Only)") -> Desire Riviera Maya Pearl Resort (Clothing optional, Couples Only) | B57: =IFERROR(__xludf.DUMMYFUNCTION("""COMPUTED_VALUE"""),94.3) -> 94.3 | C57: =IFERROR(__xludf.DUMMYFUNCTION("""COMPUTED_VALUE"""),"Adults Only") -> Adults Only | D57: =IFERROR(__xludf.DUMMYFUNCTION("""COMPUTED_VALUE"""),6164.2) -> 6164.2 | E57: =IFERROR(__xludf.DUMMYFUNCTION("""COMPUTED_VALUE"""),8513.06779358) -> 8513.0678 | F57: =IFERROR(__xludf.DUMMYFUNCTION("""COMPUTED_VALUE"""),2.32) -> 2.32 | H57: =IFERROR(__xludf.DUMMYFUNCTION("""COMPUTED_VALUE"""),8.0) -> 8 | J57: =IFERROR(__xludf.DUMMYFUNCTION("""COMPUTED_VALUE"""),4.0) -> 4 | K57: =IFERROR(__xludf.DUMMYFUNCTION("""COMPUTED_VALUE"""),"Clothing Optional, Couples Only") -> Clothing Optional, Couples Only | L57: =IFERROR(__xludf.DUMMYFUNCTION("""COMPUTED_VALUE"""),"Mexico") -> Mexico | M57: =IFERROR(__xludf.DUMMYFUNCTION("""COMPUTED_VALUE"""),"Puerto Morelos") -> Puerto Morelos | N57: =IFERROR(__xludf.DUMMYFUNCTION("""COMPUTED_VALUE"""),"Cancun") -> Cancun | O57: =IFERROR(__xludf.DUMMYFUNCTION("""COMPUTED_VALUE"""),TRUE) -> TRUE | P57: =IFERROR(__xludf.DUMMYFUNCTION("""COMPUTED_VALUE"""),0.02013888888888889) -> 0.020138889 | Q57: =IFERROR(__xludf.DUMMYFUNCTION("""COMPUTED_VALUE"""),"Desire") -> Desire | R57: =IFERROR(__xludf.DUMMYFUNCTION("""COMPUTED_VALUE"""),"Romantic, Charming") -> Romantic, Charming | S57: =IFERROR(__xludf.DUMMYFUNCTION("""COMPUTED_VALUE"""),"Beach, Swim Out/Plunge Pool Rooms, Gym, Wifi (Free), Yoga Classes, Swim Up Bar, Spa, Evening Entertainment, Buffet") -> Beach, Swim Out/Plunge Pool Rooms, Gym, Wifi (Free), Yoga Classes, Swim Up Bar, Spa, Evening Entertainment, Buffet | V57: =IFERROR(__xludf.DUMMYFUNCTION("""COMPUTED_VALUE"""),FALSE) -> FALSE | W57: =IFERROR(__xludf.DUMMYFUNCTION("""COMPUTED_VALUE"""),88.0) -> 88 | X57: =IFERROR(__xludf.DUMMYFUNCTION("""COMPUTED_VALUE"""),2001.0) -> 2001 | Z57: =IFERROR(__xludf.DUMMYFUNCTION("""COMPUTED_VALUE"""),3.0) -> 3
A58: =IFERROR(__xludf.DUMMYFUNCTION("""COMPUTED_VALUE"""),"Secrets Cap Cana Resort & Spa") -> Secrets Cap Cana Resort & Spa | B58: =IFERROR(__xludf.DUMMYFUNCTION("""COMPUTED_VALUE"""),94.3) -> 94.3 | C58: =IFERROR(__xludf.DUMMYFUNCTION("""COMPUTED_VALUE"""),"Adults Only") -> Adults Only | D58: =IFERROR(__xludf.DUMMYFUNCTION("""COMPUTED_VALUE"""),6272.0) -> 6272 | E58: =IFERROR(__xludf.DUMMYFUNCTION("""COMPUTED_VALUE"""),8661.944972799998) -> 8661.945 | F58: =IFERROR(__xludf.DUMMYFUNCTION("""COMPUTED_VALUE"""),2.28) -> 2.28 | G58: =IFERROR(__xludf.DUMMYFUNCTION("""COMPUTED_VALUE"""),5.0) -> 5 | H58: =IFERROR(__xludf.DUMMYFUNCTION("""COMPUTED_VALUE"""),7.0) -> 7 | I58: =IFERROR(__xludf.DUMMYFUNCTION("""COMPUTED_VALUE"""),"D") -> D | J58: =IFERROR(__xludf.DUMMYFUNCTION("""COMPUTED_VALUE"""),4.0) -> 4 | L58: =IFERROR(__xludf.DUMMYFUNCTION("""COMPUTED_VALUE"""),"Dominican Republic") -> Dominican Republic | M58: =IFERROR(__xludf.DUMMYFUNCTION("""COMPUTED_VALUE"""),"Cap Cana") -> Cap Cana | N58: =IFERROR(__xludf.DUMMYFUNCTION("""COMPUTED_VALUE"""),"Punta Cana") -> Punta Cana | O58: =IFERROR(__xludf.DUMMYFUNCTION("""COMPUTED_VALUE"""),TRUE) -> TRUE | P58: =IFERROR(__xludf.DUMMYFUNCTION("""COMPUTED_VALUE"""),0.011805555555555555) -> 0.011805556 | Q58: =IFERROR(__xludf.DUMMYFUNCTION("""COMPUTED_VALUE"""),"Hyatt") -> Hyatt | R58: =IFERROR(__xludf.DUMMYFUNCTION("""COMPUTED_VALUE"""),"Ocean View, Romantic") -> Ocean View, Romantic | S58: =IFERROR(__xludf.DUMMYFUNCTION("""COMPUTED_VALUE"""),"Beach, Great Food, Swim Out/Plunge Pool Rooms, Gym, Windsurfing, Swim Up Bar, Nightclub, Wifi (Free), Room Service, Spa, Evening Entertainment, Buffet") -> Beach, Great Food, Swim Out/Plunge Pool Rooms, Gym, Windsurfing, Swim Up Bar, Nightclub, Wifi (Free), Room Service, Spa, Evening Entertainment, Buffet | V58: =IFERROR(__xludf.DUMMYFUNCTION("""COMPUTED_VALUE"""),FALSE) -> FALSE | W58: =IFERROR(__xludf.DUMMYFUNCTION("""COMPUTED_VALUE"""),457.0) -> 457 | X58: =IFERROR(__xludf.DUMMYFUNCTION("""COMPUTED_VALUE"""),2016.0) -> 2016 | Y58: =IFERROR(__xludf.DUMMYFUNCTION("""COMPUTED_VALUE"""),2019.0) -> 2019 | Z58: =IFERROR(__xludf.DUMMYFUNCTION("""COMPUTED_VALUE"""),6.0) -> 6
A59: =IFERROR(__xludf.DUMMYFUNCTION("""COMPUTED_VALUE"""),"Zoëtry Casa del Mar Los Cabos") -> Zoëtry Casa del Mar Los Cabos | B59: =IFERROR(__xludf.DUMMYFUNCTION("""COMPUTED_VALUE"""),94.3) -> 94.3 | C59: =IFERROR(__xludf.DUMMYFUNCTION("""COMPUTED_VALUE"""),"Family") -> Family | D59: =IFERROR(__xludf.DUMMYFUNCTION("""COMPUTED_VALUE"""),7753.0) -> 7753 | E59: =IFERROR(__xludf.DUMMYFUNCTION("""COMPUTED_VALUE"""),10707.279874699998) -> 10707.28 | F59: =IFERROR(__xludf.DUMMYFUNCTION("""COMPUTED_VALUE"""),1.84) -> 1.84 | H59: =IFERROR(__xludf.DUMMYFUNCTION("""COMPUTED_VALUE"""),8.0) -> 8 | I59: =IFERROR(__xludf.DUMMYFUNCTION("""COMPUTED_VALUE"""),"E") -> E | J59: =IFERROR(__xludf.DUMMYFUNCTION("""COMPUTED_VALUE"""),5.0) -> 5 | L59: =IFERROR(__xludf.DUMMYFUNCTION("""COMPUTED_VALUE"""),"Mexico") -> Mexico | M59: =IFERROR(__xludf.DUMMYFUNCTION("""COMPUTED_VALUE"""),"San Jose del Cabo") -> San Jose del Cabo | N59: =IFERROR(__xludf.DUMMYFUNCTION("""COMPUTED_VALUE"""),"Los Cabos") -> Los Cabos | O59: =IFERROR(__xludf.DUMMYFUNCTION("""COMPUTED_VALUE"""),TRUE) -> TRUE | P59: =IFERROR(__xludf.DUMMYFUNCTION("""COMPUTED_VALUE"""),0.022916666666666665) -> 0.022916667 | Q59: =IFERROR(__xludf.DUMMYFUNCTION("""COMPUTED_VALUE"""),"Hyatt") -> Hyatt | R59: =IFERROR(__xludf.DUMMYFUNCTION("""COMPUTED_VALUE"""),"Quiet, Bay View") -> Quiet, Bay View | S59: =IFERROR(__xludf.DUMMYFUNCTION("""COMPUTED_VALUE"""),"Beach, Family Suite, 2 Bedroom Suites, Heated Pool, Gym, Golf Course, Yoga Classes, Swim Up Bar, Tennis, Spa, Wifi (Free), Room Service, Evening Entertainment") -> Beach, Family Suite, 2 Bedroom Suites, Heated Pool, Gym, Golf Course, Yoga Classes, Swim Up Bar, Tennis, Spa, Wifi (Free), Room Service, Evening Entertainment | T59: =IFERROR(__xludf.DUMMYFUNCTION("""COMPUTED_VALUE"""),"Can't Book Two Rooms") -> Can't Book Two Rooms | U59: =IFERROR(__xludf.DUMMYFUNCTION("""COMPUTED_VALUE"""),"2 Queen") -> 2 Queen | V59: =IFERROR(__xludf.DUMMYFUNCTION("""COMPUTED_VALUE"""),FALSE) -> FALSE | W59: =IFERROR(__xludf.DUMMYFUNCTION("""COMPUTED_VALUE"""),57.0) -> 57 | X59: =IFERROR(__xludf.DUMMYFUNCTION("""COMPUTED_VALUE"""),1995.0) -> 1995 | Y59: =IFERROR(__xludf.DUMMYFUNCTION("""COMPUTED_VALUE"""),2015.0) -> 2015 | Z59: =IFERROR(__xludf.DUMMYFUNCTION("""COMPUTED_VALUE"""),4.0) -> 4
A60: =IFERROR(__xludf.DUMMYFUNCTION("""COMPUTED_VALUE"""),"Fairmont Mayakoba") -> Fairmont Mayakoba | B60: =IFERROR(__xludf.DUMMYFUNCTION("""COMPUTED_VALUE"""),94.3) -> 94.3 | C60: =IFERROR(__xludf.DUMMYFUNCTION("""COMPUTED_VALUE"""),"Family") -> Family | D60: =IFERROR(__xludf.DUMMYFUNCTION("""COMPUTED_VALUE"""),11531.1) -> 11531.1 | E60: =IFERROR(__xludf.DUMMYFUNCTION("""COMPUTED_VALUE"""),15925.024501889999) -> 15925.024 | F60: =IFERROR(__xludf.DUMMYFUNCTION("""COMPUTED_VALUE"""),1.24) -> 1.24 | G60: =IFERROR(__xludf.DUMMYFUNCTION("""COMPUTED_VALUE"""),5.0) -> 5 | H60: =IFERROR(__xludf.DUMMYFUNCTION("""COMPUTED_VALUE"""),9.0) -> 9 | J60: =IFERROR(__xludf.DUMMYFUNCTION("""COMPUTED_VALUE"""),5.0) -> 5 | L60: =IFERROR(__xludf.DUMMYFUNCTION("""COMPUTED_VALUE"""),"Mexico") -> Mexico | M60: =IFERROR(__xludf.DUMMYFUNCTION("""COMPUTED_VALUE"""),"Playa del Carmen") -> Playa del Carmen | N60: =IFERROR(__xludf.DUMMYFUNCTION("""COMPUTED_VALUE"""),"Cancun") -> Cancun | O60: =IFERROR(__xludf.DUMMYFUNCTION("""COMPUTED_VALUE"""),TRUE) -> TRUE | P60: =IFERROR(__xludf.DUMMYFUNCTION("""COMPUTED_VALUE"""),0.027083333333333334) -> 0.027083333 | Q60: =IFERROR(__xludf.DUMMYFUNCTION("""COMPUTED_VALUE"""),"Fairmont") -> Fairmont | R60: =IFERROR(__xludf.DUMMYFUNCTION("""COMPUTED_VALUE"""),"Family, Lagoon View") -> Family, Lagoon View | S60: =IFERROR(__xludf.DUMMYFUNCTION("""COMPUTED_VALUE"""),"Beach, Swim Out/Plunge Pool Rooms, Family Suite, 2 Bedroom Suites, Kids Club, Pool Slide, Water Feature, Heated Pool, Gym, Archery, Bicycles Available, Diving, Snorkelling, Watersports Equipment Rentals, Spa, Wifi (Free), Yoga Classes, Adult Pool, Room Se"&"rvice, Swim Up Bar, Golf Course, Tennis, Windsurfing, Buffet") -> Beach, Swim Out/Plunge Pool Rooms, Family Suite, 2 Bedroom Suites, Kids Club, Pool Slide, Water Feature, Heated Pool, Gym, Archery, Bicycles Available, Diving, Snorkelling, Watersports Equipment Rentals, Spa, Wifi (Free), Yoga Classes, Adult Pool, Room Service, Swim Up Bar, Golf Course, Tennis, Windsurfing, Buffet | U60: =IFERROR(__xludf.DUMMYFUNCTION("""COMPUTED_VALUE"""),"2 Queen") -> 2 Queen | V60: =IFERROR(__xludf.DUMMYFUNCTION("""COMPUTED_VALUE"""),FALSE) -> FALSE | W60: =IFERROR(__xludf.DUMMYFUNCTION("""COMPUTED_VALUE"""),401.0) -> 401 | X60: =IFERROR(__xludf.DUMMYFUNCTION("""COMPUTED_VALUE"""),2006.0) -> 2006 | Y60: =IFERROR(__xludf.DUMMYFUNCTION("""COMPUTED_VALUE"""),2022.0) -> 2022 | Z60: =IFERROR(__xludf.DUMMYFUNCTION("""COMPUTED_VALUE"""),2.0) -> 2
A61: =IFERROR(__xludf.DUMMYFUNCTION("""COMPUTED_VALUE"""),"Round Hill Hotel and Villas") -> Round Hill Hotel and Villas | B61: =IFERROR(__xludf.DUMMYFUNCTION("""COMPUTED_VALUE"""),94.3) -> 94.3 | C61: =IFERROR(__xludf.DUMMYFUNCTION("""COMPUTED_VALUE"""),"Family") -> Family | D61: =IFERROR(__xludf.DUMMYFUNCTION("""COMPUTED_VALUE"""),19458.81) -> 19458.81 | E61: =IFERROR(__xludf.DUMMYFUNCTION("""COMPUTED_VALUE"""),26873.587604619) -> 26873.588 | F61: =IFERROR(__xludf.DUMMYFUNCTION("""COMPUTED_VALUE"""),0.73) -> 0.73 | H61: =IFERROR(__xludf.DUMMYFUNCTION("""COMPUTED_VALUE"""),9.0) -> 9 | J61: =IFERROR(__xludf.DUMMYFUNCTION("""COMPUTED_VALUE"""),5.0) -> 5 | K61: =IFERROR(__xludf.DUMMYFUNCTION("""COMPUTED_VALUE"""),"Max 3 per Room") -> Max 3 per Room | L61: =IFERROR(__xludf.DUMMYFUNCTION("""COMPUTED_VALUE"""),"Jamaica") -> Jamaica | M61: =IFERROR(__xludf.DUMMYFUNCTION("""COMPUTED_VALUE"""),"Hopewell") -> Hopewell | N61: =IFERROR(__xludf.DUMMYFUNCTION("""COMPUTED_VALUE"""),"Sangster") -> Sangster | O61: =IFERROR(__xludf.DUMMYFUNCTION("""COMPUTED_VALUE"""),TRUE) -> TRUE | P61: =IFERROR(__xludf.DUMMYFUNCTION("""COMPUTED_VALUE"""),0.02013888888888889) -> 0.020138889 | R61: =IFERROR(__xludf.DUMMYFUNCTION("""COMPUTED_VALUE"""),"Quiet, Family") -> Quiet, Family | S61: =IFERROR(__xludf.DUMMYFUNCTION("""COMPUTED_VALUE"""),"Beach, Kids Club, Gym, Diving, Snorkelling, Watersports Equipment Rentals, Fishing, Wifi (Free), Babysitting, Yoga Classes, Hiking, Tennis, Windsurfing, Spa, Evening Entertainment, Buffet") -> Beach, Kids Club, Gym, Diving, Snorkelling, Watersports Equipment Rentals, Fishing, Wifi (Free), Babysitting, Yoga Classes, Hiking, Tennis, Windsurfing, Spa, Evening Entertainment, Buffet | U61: =IFERROR(__xludf.DUMMYFUNCTION("""COMPUTED_VALUE"""),"1 King") -> 1 King | V61: =IFERROR(__xludf.DUMMYFUNCTION("""COMPUTED_VALUE"""),FALSE) -> FALSE | W61: =IFERROR(__xludf.DUMMYFUNCTION("""COMPUTED_VALUE"""),129.0) -> 129 | X61: =IFERROR(__xludf.DUMMYFUNCTION("""COMPUTED_VALUE"""),1953.0) -> 1953 | Y61: =IFERROR(__xludf.DUMMYFUNCTION("""COMPUTED_VALUE"""),2023.0) -> 2023 | Z61: =IFERROR(__xludf.DUMMYFUNCTION("""COMPUTED_VALUE"""),2.0) -> 2
A62: =IFERROR(__xludf.DUMMYFUNCTION("""COMPUTED_VALUE"""),"Melia Cayo Coco") -> Melia Cayo Coco | B62: =IFERROR(__xludf.DUMMYFUNCTION("""COMPUTED_VALUE"""),94.0) -> 94 | C62: =IFERROR(__xludf.DUMMYFUNCTION("""COMPUTED_VALUE"""),"Adults Only") -> Adults Only | D62: =IFERROR(__xludf.DUMMYFUNCTION("""COMPUTED_VALUE"""),1841.0) -> 1841 | E62: =IFERROR(__xludf.DUMMYFUNCTION("""COMPUTED_VALUE"""),2542.5128658999997) -> 2542.5129 | F62: =IFERROR(__xludf.DUMMYFUNCTION("""COMPUTED_VALUE"""),7.6) -> 7.6 | H62: =IFERROR(__xludf.DUMMYFUNCTION("""COMPUTED_VALUE"""),7.0) -> 7 | J62: =IFERROR(__xludf.DUMMYFUNCTION("""COMPUTED_VALUE"""),5.0) -> 5 | L62: =IFERROR(__xludf.DUMMYFUNCTION("""COMPUTED_VALUE"""),"Cuba") -> Cuba | M62: =IFERROR(__xludf.DUMMYFUNCTION("""COMPUTED_VALUE"""),"Cayo Coco") -> Cayo Coco | N62: =IFERROR(__xludf.DUMMYFUNCTION("""COMPUTED_VALUE"""),"Cayo Coco") -> Cayo Coco | O62: =IFERROR(__xludf.DUMMYFUNCTION("""COMPUTED_VALUE"""),TRUE) -> TRUE | P62: =IFERROR(__xludf.DUMMYFUNCTION("""COMPUTED_VALUE"""),0.009027777777777777) -> 0.0090277778 | Q62: =IFERROR(__xludf.DUMMYFUNCTION("""COMPUTED_VALUE"""),"Melia") -> Melia | R62: =IFERROR(__xludf.DUMMYFUNCTION("""COMPUTED_VALUE"""),"Lagoon View, Charming") -> Lagoon View, Charming | S62: =IFERROR(__xludf.DUMMYFUNCTION("""COMPUTED_VALUE"""),"Beach, Gym, Archery, Bicycles Available, Diving, Tennis, Fishing, Yoga Classes, Snorkelling, Evening Entertainment, Spa, Buffet") -> Beach, Gym, Archery, Bicycles Available, Diving, Tennis, Fishing, Yoga Classes, Snorkelling, Evening Entertainment, Spa, Buffet | V62: =IFERROR(__xludf.DUMMYFUNCTION("""COMPUTED_VALUE"""),FALSE) -> FALSE | W62: =IFERROR(__xludf.DUMMYFUNCTION("""COMPUTED_VALUE"""),250.0) -> 250 | X62: =IFERROR(__xludf.DUMMYFUNCTION("""COMPUTED_VALUE"""),1999.0) -> 1999 | Z62: =IFERROR(__xludf.DUMMYFUNCTION("""COMPUTED_VALUE"""),2.0) -> 2
A63: =IFERROR(__xludf.DUMMYFUNCTION("""COMPUTED_VALUE"""),"Sugar Mill Hotel") -> Sugar Mill Hotel | B63: =IFERROR(__xludf.DUMMYFUNCTION("""COMPUTED_VALUE"""),94.0) -> 94 | C63: =IFERROR(__xludf.DUMMYFUNCTION("""COMPUTED_VALUE"""),"Adults Only") -> Adults Only | D63: =IFERROR(__xludf.DUMMYFUNCTION("""COMPUTED_VALUE"""),5995.0) -> 5995 | E63: =IFERROR(__xludf.DUMMYFUNCTION("""COMPUTED_VALUE"""),8279.394150499998) -> 8279.3942 | F63: =IFERROR(__xludf.DUMMYFUNCTION("""COMPUTED_VALUE"""),2.34) -> 2.34 | H63: =IFERROR(__xludf.DUMMYFUNCTION("""COMPUTED_VALUE"""),7.0) -> 7 | L63: =IFERROR(__xludf.DUMMYFUNCTION("""COMPUTED_VALUE"""),"British Virgin Islands") -> British Virgin Islands | M63: =IFERROR(__xludf.DUMMYFUNCTION("""COMPUTED_VALUE"""),"Tortola") -> Tortola | N63: =IFERROR(__xludf.DUMMYFUNCTION("""COMPUTED_VALUE"""),"Beef Island") -> Beef Island | O63: =IFERROR(__xludf.DUMMYFUNCTION("""COMPUTED_VALUE"""),FALSE) -> FALSE | P63: =IFERROR(__xludf.DUMMYFUNCTION("""COMPUTED_VALUE"""),0.02847222222222222) -> 0.028472222 | R63: =IFERROR(__xludf.DUMMYFUNCTION("""COMPUTED_VALUE"""),"Historic Hotel, Bay View") -> Historic Hotel, Bay View | S63: =IFERROR(__xludf.DUMMYFUNCTION("""COMPUTED_VALUE"""),"Beach, Fishing, Diving, Spa, Snorkelling") -> Beach, Fishing, Diving, Spa, Snorkelling | V63: =IFERROR(__xludf.DUMMYFUNCTION("""COMPUTED_VALUE"""),FALSE) -> FALSE | W63: =IFERROR(__xludf.DUMMYFUNCTION("""COMPUTED_VALUE"""),24.0) -> 24 | X63: =IFERROR(__xludf.DUMMYFUNCTION("""COMPUTED_VALUE"""),1640.0) -> 1640 | Y63: =IFERROR(__xludf.DUMMYFUNCTION("""COMPUTED_VALUE"""),2018.0) -> 2018 | Z63: =IFERROR(__xludf.DUMMYFUNCTION("""COMPUTED_VALUE"""),2.0) -> 2
A64: =IFERROR(__xludf.DUMMYFUNCTION("""COMPUTED_VALUE"""),"Secrets Akumal Riviera Maya") -> Secrets Akumal Riviera Maya | B64: =IFERROR(__xludf.DUMMYFUNCTION("""COMPUTED_VALUE"""),94.0) -> 94 | C64: =IFERROR(__xludf.DUMMYFUNCTION("""COMPUTED_VALUE"""),"Adults Only") -> Adults Only | D64: =IFERROR(__xludf.DUMMYFUNCTION("""COMPUTED_VALUE"""),7289.0) -> 7289 | E64: =IFERROR(__xludf.DUMMYFUNCTION("""COMPUTED_VALUE"""),10066.472721099999) -> 10066.473 | F64: =IFERROR(__xludf.DUMMYFUNCTION("""COMPUTED_VALUE"""),1.92) -> 1.92 | G64: =IFERROR(__xludf.DUMMYFUNCTION("""COMPUTED_VALUE"""),5.0) -> 5 | H64: =IFERROR(__xludf.DUMMYFUNCTION("""COMPUTED_VALUE"""),8.0) -> 8 | I64: =IFERROR(__xludf.DUMMYFUNCTION("""COMPUTED_VALUE"""),"D") -> D | J64: =IFERROR(__xludf.DUMMYFUNCTION("""COMPUTED_VALUE"""),5.0) -> 5 | L64: =IFERROR(__xludf.DUMMYFUNCTION("""COMPUTED_VALUE"""),"Mexico") -> Mexico | M64: =IFERROR(__xludf.DUMMYFUNCTION("""COMPUTED_VALUE"""),"Akumal") -> Akumal | N64: =IFERROR(__xludf.DUMMYFUNCTION("""COMPUTED_VALUE"""),"Tulum") -> Tulum | O64: =IFERROR(__xludf.DUMMYFUNCTION("""COMPUTED_VALUE"""),TRUE) -> TRUE | P64: =IFERROR(__xludf.DUMMYFUNCTION("""COMPUTED_VALUE"""),0.04375) -> 0.04375 | Q64: =IFERROR(__xludf.DUMMYFUNCTION("""COMPUTED_VALUE"""),"Hyatt") -> Hyatt | R64: =IFERROR(__xludf.DUMMYFUNCTION("""COMPUTED_VALUE"""),"Modern, Great View") -> Modern, Great View | S64: =IFERROR(__xludf.DUMMYFUNCTION("""COMPUTED_VALUE"""),"Beach, Great Food, Heated Pool, Gym, Diving, Tennis, Evening Entertainment, Spa, Wifi (Free), Swim Up Bar, Snorkelling, Nightclub, Buffet") -> Beach, Great Food, Heated Pool, Gym, Diving, Tennis, Evening Entertainment, Spa, Wifi (Free), Swim Up Bar, Snorkelling, Nightclub, Buffet | V64: =IFERROR(__xludf.DUMMYFUNCTION("""COMPUTED_VALUE"""),FALSE) -> FALSE | W64: =IFERROR(__xludf.DUMMYFUNCTION("""COMPUTED_VALUE"""),434.0) -> 434 | X64: =IFERROR(__xludf.DUMMYFUNCTION("""COMPUTED_VALUE"""),2015.0) -> 2015 | Z64: =IFERROR(__xludf.DUMMYFUNCTION("""COMPUTED_VALUE"""),5.0) -> 5
A65: =IFERROR(__xludf.DUMMYFUNCTION("""COMPUTED_VALUE"""),"Baoase Luxury Resort") -> Baoase Luxury Resort | B65: =IFERROR(__xludf.DUMMYFUNCTION("""COMPUTED_VALUE"""),94.0) -> 94 | C65: =IFERROR(__xludf.DUMMYFUNCTION("""COMPUTED_VALUE"""),"Family") -> Family | D65: =IFERROR(__xludf.DUMMYFUNCTION("""COMPUTED_VALUE"""),14735.0) -> 14735 | E65: =IFERROR(__xludf.DUMMYFUNCTION("""COMPUTED_VALUE"""),20349.770276499996) -> 20349.77 | F65: =IFERROR(__xludf.DUMMYFUNCTION("""COMPUTED_VALUE"""),0.95) -> 0.95 | G65: =IFERROR(__xludf.DUMMYFUNCTION("""COMPUTED_VALUE"""),4.0) -> 4 | H65: =IFERROR(__xludf.DUMMYFUNCTION("""COMPUTED_VALUE"""),7.0) -> 7 | J65: =IFERROR(__xludf.DUMMYFUNCTION("""COMPUTED_VALUE"""),5.0) -> 5 | L65: =IFERROR(__xludf.DUMMYFUNCTION("""COMPUTED_VALUE"""),"Curaçao") -> Curaçao | M65: =IFERROR(__xludf.DUMMYFUNCTION("""COMPUTED_VALUE"""),"Willemstad") -> Willemstad | N65: =IFERROR(__xludf.DUMMYFUNCTION("""COMPUTED_VALUE"""),"Aeropuerto Hato") -> Aeropuerto Hato | O65: =IFERROR(__xludf.DUMMYFUNCTION("""COMPUTED_VALUE"""),TRUE) -> TRUE | P65: =IFERROR(__xludf.DUMMYFUNCTION("""COMPUTED_VALUE"""),0.01597222222222222) -> 0.015972222 | R65: =IFERROR(__xludf.DUMMYFUNCTION("""COMPUTED_VALUE"""),"Quiet, Quaint") -> Quiet, Quaint | S65: =IFERROR(__xludf.DUMMYFUNCTION("""COMPUTED_VALUE"""),"Beach, Swim Out/Plunge Pool Rooms, Family Suite, 2 Bedroom Suites, Gym, Room Service, Diving, Wifi (Free), Snorkelling, Spa") -> Beach, Swim Out/Plunge Pool Rooms, Family Suite, 2 Bedroom Suites, Gym, Room Service, Diving, Wifi (Free), Snorkelling, Spa | U65: =IFERROR(__xludf.DUMMYFUNCTION("""COMPUTED_VALUE"""),"2 King") -> 2 King | V65: =IFERROR(__xludf.DUMMYFUNCTION("""COMPUTED_VALUE"""),FALSE) -> FALSE | W65: =IFERROR(__xludf.DUMMYFUNCTION("""COMPUTED_VALUE"""),23.0) -> 23 | X65: =IFERROR(__xludf.DUMMYFUNCTION("""COMPUTED_VALUE"""),2010.0) -> 2010 | Z65: =IFERROR(__xludf.DUMMYFUNCTION("""COMPUTED_VALUE"""),2.0) -> 2
A66: =IFERROR(__xludf.DUMMYFUNCTION("""COMPUTED_VALUE"""),"Little Palm Island Resort & Spa") -> Little Palm Island Resort & Spa | B66: =IFERROR(__xludf.DUMMYFUNCTION("""COMPUTED_VALUE"""),94.0) -> 94 | C66: =IFERROR(__xludf.DUMMYFUNCTION("""COMPUTED_VALUE"""),"Adults Only") -> Adults Only | D66: =IFERROR(__xludf.DUMMYFUNCTION("""COMPUTED_VALUE"""),28322.89) -> 28322.89 | E66: =IFERROR(__xludf.DUMMYFUNCTION("""COMPUTED_VALUE"""),39115.324402210994) -> 39115.324 | F66: =IFERROR(__xludf.DUMMYFUNCTION("""COMPUTED_VALUE"""),0.49) -> 0.49 | H66: =IFERROR(__xludf.DUMMYFUNCTION("""COMPUTED_VALUE"""),9.0) -> 9 | J66: =IFERROR(__xludf.DUMMYFUNCTION("""COMPUTED_VALUE"""),4.0) -> 4 | L66: =IFERROR(__xludf.DUMMYFUNCTION("""COMPUTED_VALUE"""),"United States") -> United States | M66: =IFERROR(__xludf.DUMMYFUNCTION("""COMPUTED_VALUE"""),"Little Torch Key") -> Little Torch Key | N66: =IFERROR(__xludf.DUMMYFUNCTION("""COMPUTED_VALUE"""),"Key West") -> Key West | O66: =IFERROR(__xludf.DUMMYFUNCTION("""COMPUTED_VALUE"""),FALSE) -> FALSE | P66: =IFERROR(__xludf.DUMMYFUNCTION("""COMPUTED_VALUE"""),0.027083333333333334) -> 0.027083333 | R66: =IFERROR(__xludf.DUMMYFUNCTION("""COMPUTED_VALUE"""),"Marina View") -> Marina View | S66: =IFERROR(__xludf.DUMMYFUNCTION("""COMPUTED_VALUE"""),"Beach, Heated Pool, Gym, Snorkelling, Evening Entertainment, Wifi (Free), Yoga Classes, Room Service, Diving, Watersports Equipment Rentals, Fishing, Spa") -> Beach, Heated Pool, Gym, Snorkelling, Evening Entertainment, Wifi (Free), Yoga Classes, Room Service, Diving, Watersports Equipment Rentals, Fishing, Spa | V66: =IFERROR(__xludf.DUMMYFUNCTION("""COMPUTED_VALUE"""),FALSE) -> FALSE | W66: =IFERROR(__xludf.DUMMYFUNCTION("""COMPUTED_VALUE"""),30.0) -> 30 | X66: =IFERROR(__xludf.DUMMYFUNCTION("""COMPUTED_VALUE"""),1989.0) -> 1989 | Y66: =IFERROR(__xludf.DUMMYFUNCTION("""COMPUTED_VALUE"""),2019.0) -> 2019 | Z66: =IFERROR(__xludf.DUMMYFUNCTION("""COMPUTED_VALUE"""),1.0) -> 1
A67: =IFERROR(__xludf.DUMMYFUNCTION("""COMPUTED_VALUE"""),"Excellence Punta Cana") -> Excellence Punta Cana | B67: =IFERROR(__xludf.DUMMYFUNCTION("""COMPUTED_VALUE"""),93.7) -> 93.7 | C67: =IFERROR(__xludf.DUMMYFUNCTION("""COMPUTED_VALUE"""),"Adults Only") -> Adults Only | D67: =IFERROR(__xludf.DUMMYFUNCTION("""COMPUTED_VALUE"""),3093.0) -> 3093 | E67: =IFERROR(__xludf.DUMMYFUNCTION("""COMPUTED_VALUE"""),4271.5873407) -> 4271.5873 | F67: =IFERROR(__xludf.DUMMYFUNCTION("""COMPUTED_VALUE"""),4.43) -> 4.43 | G67: =IFERROR(__xludf.DUMMYFUNCTION("""COMPUTED_VALUE"""),4.0) -> 4 | H67: =IFERROR(__xludf.DUMMYFUNCTION("""COMPUTED_VALUE"""),9.0) -> 9 | J67: =IFERROR(__xludf.DUMMYFUNCTION("""COMPUTED_VALUE"""),5.0) -> 5 | L67: =IFERROR(__xludf.DUMMYFUNCTION("""COMPUTED_VALUE"""),"Dominican Republic") -> Dominican Republic | M67: =IFERROR(__xludf.DUMMYFUNCTION("""COMPUTED_VALUE"""),"Punta Cana") -> Punta Cana | N67: =IFERROR(__xludf.DUMMYFUNCTION("""COMPUTED_VALUE"""),"Punta Cana") -> Punta Cana | O67: =IFERROR(__xludf.DUMMYFUNCTION("""COMPUTED_VALUE"""),TRUE) -> TRUE | P67: =IFERROR(__xludf.DUMMYFUNCTION("""COMPUTED_VALUE"""),0.029166666666666667) -> 0.029166667 | Q67: =IFERROR(__xludf.DUMMYFUNCTION("""COMPUTED_VALUE"""),"The Excellence Collection") -> The Excellence Collection | R67: =IFERROR(__xludf.DUMMYFUNCTION("""COMPUTED_VALUE"""),"Great View, Romantic") -> Great View, Romantic | S67: =IFERROR(__xludf.DUMMYFUNCTION("""COMPUTED_VALUE"""),"Beach, Great Beach, Great Food, Swim Out/Plunge Pool Rooms, Gym, Horseback Riding, Swim Up Bar, Snorkelling, Tennis, Evening Entertainment, Nightclub, Spa, Buffet") -> Beach, Great Beach, Great Food, Swim Out/Plunge Pool Rooms, Gym, Horseback Riding, Swim Up Bar, Snorkelling, Tennis, Evening Entertainment, Nightclub, Spa, Buffet | V67: =IFERROR(__xludf.DUMMYFUNCTION("""COMPUTED_VALUE"""),FALSE) -> FALSE | W67: =IFERROR(__xludf.DUMMYFUNCTION("""COMPUTED_VALUE"""),461.0) -> 461 | X67: =IFERROR(__xludf.DUMMYFUNCTION("""COMPUTED_VALUE"""),2000.0) -> 2000 | Y67: =IFERROR(__xludf.DUMMYFUNCTION("""COMPUTED_VALUE"""),2017.0) -> 2017 | Z67: =IFERROR(__xludf.DUMMYFUNCTION("""COMPUTED_VALUE"""),3.0) -> 3
A68: =IFERROR(__xludf.DUMMYFUNCTION("""COMPUTED_VALUE"""),"Excellence El Carmen") -> Excellence El Carmen | B68: =IFERROR(__xludf.DUMMYFUNCTION("""COMPUTED_VALUE"""),93.7) -> 93.7 | C68: =IFERROR(__xludf.DUMMYFUNCTION("""COMPUTED_VALUE"""),"Adults Only") -> Adults Only | D68: =IFERROR(__xludf.DUMMYFUNCTION("""COMPUTED_VALUE"""),3570.0) -> 3570 | E68: =IFERROR(__xludf.DUMMYFUNCTION("""COMPUTED_VALUE"""),4930.348142999999) -> 4930.3481 | F68: =IFERROR(__xludf.DUMMYFUNCTION("""COMPUTED_VALUE"""),3.84) -> 3.84 | G68: =IFERROR(__xludf.DUMMYFUNCTION("""COMPUTED_VALUE"""),4.0) -> 4 | H68: =IFERROR(__xludf.DUMMYFUNCTION("""COMPUTED_VALUE"""),8.0) -> 8 | J68: =IFERROR(__xludf.DUMMYFUNCTION("""COMPUTED_VALUE"""),5.0) -> 5 | L68: =IFERROR(__xludf.DUMMYFUNCTION("""COMPUTED_VALUE"""),"Dominican Republic") -> Dominican Republic | M68: =IFERROR(__xludf.DUMMYFUNCTION("""COMPUTED_VALUE"""),"Uvero Alto") -> Uvero Alto | N68: =IFERROR(__xludf.DUMMYFUNCTION("""COMPUTED_VALUE"""),"Punta Cana") -> Punta Cana | O68: =IFERROR(__xludf.DUMMYFUNCTION("""COMPUTED_VALUE"""),TRUE) -> TRUE | P68: =IFERROR(__xludf.DUMMYFUNCTION("""COMPUTED_VALUE"""),0.02847222222222222) -> 0.028472222 | Q68: =IFERROR(__xludf.DUMMYFUNCTION("""COMPUTED_VALUE"""),"The Excellence Collection") -> The Excellence Collection | R68: =IFERROR(__xludf.DUMMYFUNCTION("""COMPUTED_VALUE"""),"Modern, Quiet") -> Modern, Quiet | S68: =IFERROR(__xludf.DUMMYFUNCTION("""COMPUTED_VALUE"""),"Beach, Swim Out/Plunge Pool Rooms, Heated Pool, Gym, Diving, Tennis, Evening Entertainment, Nightclub, Wifi (Free), Swim Up Bar, Snorkelling, Spa, Buffet") -> Beach, Swim Out/Plunge Pool Rooms, Heated Pool, Gym, Diving, Tennis, Evening Entertainment, Nightclub, Wifi (Free), Swim Up Bar, Snorkelling, Spa, Buffet | V68: =IFERROR(__xludf.DUMMYFUNCTION("""COMPUTED_VALUE"""),FALSE) -> FALSE | W68: =IFERROR(__xludf.DUMMYFUNCTION("""COMPUTED_VALUE"""),492.0) -> 492 | X68: =IFERROR(__xludf.DUMMYFUNCTION("""COMPUTED_VALUE"""),2016.0) -> 2016 | Z68: =IFERROR(__xludf.DUMMYFUNCTION("""COMPUTED_VALUE"""),2.0) -> 2
A69: =IFERROR(__xludf.DUMMYFUNCTION("""COMPUTED_VALUE"""),"Barcelo Maya Riviera") -> Barcelo Maya Riviera | B69: =IFERROR(__xludf.DUMMYFUNCTION("""COMPUTED_VALUE"""),93.7) -> 93.7 | C69: =IFERROR(__xludf.DUMMYFUNCTION("""COMPUTED_VALUE"""),"Adults Only") -> Adults Only | D69: =IFERROR(__xludf.DUMMYFUNCTION("""COMPUTED_VALUE"""),4191.08) -> 4191.08 | E69: =IFERROR(__xludf.DUMMYFUNCTION("""COMPUTED_VALUE"""),5788.090614891999) -> 5788.0906 | F69: =IFERROR(__xludf.DUMMYFUNCTION("""COMPUTED_VALUE"""),3.27) -> 3.27 | H69: =IFERROR(__xludf.DUMMYFUNCTION("""COMPUTED_VALUE"""),"NYR") -> NYR | J69: =IFERROR(__xludf.DUMMYFUNCTION("""COMPUTED_VALUE"""),5.0) -> 5 | L69: =IFERROR(__xludf.DUMMYFUNCTION("""COMPUTED_VALUE"""),"Mexico") -> Mexico | M69: =IFERROR(__xludf.DUMMYFUNCTION("""COMPUTED_VALUE"""),"Barcelo Maya") -> Barcelo Maya | N69: =IFERROR(__xludf.DUMMYFUNCTION("""COMPUTED_VALUE"""),"Cancun") -> Cancun | O69: =IFERROR(__xludf.DUMMYFUNCTION("""COMPUTED_VALUE"""),TRUE) -> TRUE | P69: =IFERROR(__xludf.DUMMYFUNCTION("""COMPUTED_VALUE"""),0.043055555555555555) -> 0.043055556 | Q69: =IFERROR(__xludf.DUMMYFUNCTION("""COMPUTED_VALUE"""),"Barcelo") -> Barcelo | R69: =IFERROR(__xludf.DUMMYFUNCTION("""COMPUTED_VALUE"""),"Business, Romantic") -> Business, Romantic | S69: =IFERROR(__xludf.DUMMYFUNCTION("""COMPUTED_VALUE"""),"Beach, Swim Out/Plunge Pool Rooms, Gym, Snorkelling, Evening Entertainment, Spa, Wifi (Free), Swim Up Bar, Tennis, Nightclub, Buffet") -> Beach, Swim Out/Plunge Pool Rooms, Gym, Snorkelling, Evening Entertainment, Spa, Wifi (Free), Swim Up Bar, Tennis, Nightclub, Buffet | V69: =IFERROR(__xludf.DUMMYFUNCTION("""COMPUTED_VALUE"""),FALSE) -> FALSE | W69: =IFERROR(__xludf.DUMMYFUNCTION("""COMPUTED_VALUE"""),850.0) -> 850 | X69: =IFERROR(__xludf.DUMMYFUNCTION("""COMPUTED_VALUE"""),2019.0) -> 2019 | Z69: =IFERROR(__xludf.DUMMYFUNCTION("""COMPUTED_VALUE"""),5.0) -> 5
A70: =IFERROR(__xludf.DUMMYFUNCTION("""COMPUTED_VALUE"""),"Finest Punta Cana By The Excellence Collection All Inclusive") -> Finest Punta Cana By The Excellence Collection All Inclusive | B70: =IFERROR(__xludf.DUMMYFUNCTION("""COMPUTED_VALUE"""),93.7) -> 93.7 | C70: =IFERROR(__xludf.DUMMYFUNCTION("""COMPUTED_VALUE"""),"Family") -> Family | D70: =IFERROR(__xludf.DUMMYFUNCTION("""COMPUTED_VALUE"""),5265.0) -> 5265 | E70: =IFERROR(__xludf.DUMMYFUNCTION("""COMPUTED_VALUE"""),7271.227723499999) -> 7271.2277 | F70: =IFERROR(__xludf.DUMMYFUNCTION("""COMPUTED_VALUE"""),2.6) -> 2.6 | G70: =IFERROR(__xludf.DUMMYFUNCTION("""COMPUTED_VALUE"""),4.0) -> 4 | J70: =IFERROR(__xludf.DUMMYFUNCTION("""COMPUTED_VALUE"""),5.0) -> 5 | L70: =IFERROR(__xludf.DUMMYFUNCTION("""COMPUTED_VALUE"""),"Dominican Republic") -> Dominican Republic | M70: =IFERROR(__xludf.DUMMYFUNCTION("""COMPUTED_VALUE"""),"Punta Cana") -> Punta Cana | N70: =IFERROR(__xludf.DUMMYFUNCTION("""COMPUTED_VALUE"""),"Punta Cana") -> Punta Cana | O70: =IFERROR(__xludf.DUMMYFUNCTION("""COMPUTED_VALUE"""),TRUE) -> TRUE | P70: =IFERROR(__xludf.DUMMYFUNCTION("""COMPUTED_VALUE"""),0.02847222222222222) -> 0.028472222 | Q70: =IFERROR(__xludf.DUMMYFUNCTION("""COMPUTED_VALUE"""),"The Excellence Collection") -> The Excellence Collection | R70: =IFERROR(__xludf.DUMMYFUNCTION("""COMPUTED_VALUE"""),"Business") -> Business | S70: =IFERROR(__xludf.DUMMYFUNCTION("""COMPUTED_VALUE"""),"Beach, Swim Out/Plunge Pool Rooms, Adults Only Rooms, Family Suite, 2 Bedroom Suites, Kids Club, Kids Waterpark, Pool Slide, Water Feature, Kids Club for Under 4, Gym, Diving, Swim Up Bar, Snorkelling, Watersports Equipment Rentals, Spa, Wifi (Free), Baby"&"sitting, Yoga Classes, Adult Pool, Room Service, Tennis, Evening Entertainment, Buffet") -> Beach, Swim Out/Plunge Pool Rooms, Adults Only Rooms, Family Suite, 2 Bedroom Suites, Kids Club, Kids Waterpark, Pool Slide, Water Feature, Kids Club for Under 4, Gym, Diving, Swim Up Bar, Snorkelling, Watersports Equipment Rentals, Spa, Wifi (Free), Babysitting, Yoga Classes, Adult Pool, Room Service, Tennis, Evening Entertainment, Buffet | U70: =IFERROR(__xludf.DUMMYFUNCTION("""COMPUTED_VALUE"""),"1 King and 2 Twin") -> 1 King and 2 Twin | V70: =IFERROR(__xludf.DUMMYFUNCTION("""COMPUTED_VALUE"""),FALSE) -> FALSE | W70: =IFERROR(__xludf.DUMMYFUNCTION("""COMPUTED_VALUE"""),455.0) -> 455 | X70: =IFERROR(__xludf.DUMMYFUNCTION("""COMPUTED_VALUE"""),2019.0) -> 2019
A71: =IFERROR(__xludf.DUMMYFUNCTION("""COMPUTED_VALUE"""),"The Explorean Kohunlich") -> The Explorean Kohunlich | B71: =IFERROR(__xludf.DUMMYFUNCTION("""COMPUTED_VALUE"""),93.7) -> 93.7 | C71: =IFERROR(__xludf.DUMMYFUNCTION("""COMPUTED_VALUE"""),"Family") -> Family | D71: =IFERROR(__xludf.DUMMYFUNCTION("""COMPUTED_VALUE"""),5544.37) -> 5544.37 | E71: =IFERROR(__xludf.DUMMYFUNCTION("""COMPUTED_VALUE"""),7657.051634062999) -> 7657.0516 | F71: =IFERROR(__xludf.DUMMYFUNCTION("""COMPUTED_VALUE"""),2.47) -> 2.47 | H71: =IFERROR(__xludf.DUMMYFUNCTION("""COMPUTED_VALUE"""),7.0) -> 7 | J71: =IFERROR(__xludf.DUMMYFUNCTION("""COMPUTED_VALUE"""),4.5) -> 4.5 | L71: =IFERROR(__xludf.DUMMYFUNCTION("""COMPUTED_VALUE"""),"Mexico") -> Mexico | M71: =IFERROR(__xludf.DUMMYFUNCTION("""COMPUTED_VALUE"""),"Escarcega") -> Escarcega | N71: =IFERROR(__xludf.DUMMYFUNCTION("""COMPUTED_VALUE"""),"Chetumal") -> Chetumal | O71: =IFERROR(__xludf.DUMMYFUNCTION("""COMPUTED_VALUE"""),FALSE) -> FALSE | P71: =IFERROR(__xludf.DUMMYFUNCTION("""COMPUTED_VALUE"""),0.05486111111111111) -> 0.054861111 | Q71: =IFERROR(__xludf.DUMMYFUNCTION("""COMPUTED_VALUE"""),"Fiesta Americana Travelty") -> Fiesta Americana Travelty | S71: =IFERROR(__xludf.DUMMYFUNCTION("""COMPUTED_VALUE"""),"Swim Out/Plunge Pool Rooms, Bicycles Available, Hiking, Spa") -> Swim Out/Plunge Pool Rooms, Bicycles Available, Hiking, Spa | U71: =IFERROR(__xludf.DUMMYFUNCTION("""COMPUTED_VALUE"""),"1 King or 2 Double") -> 1 King or 2 Double | V71: =IFERROR(__xludf.DUMMYFUNCTION("""COMPUTED_VALUE"""),FALSE) -> FALSE | W71: =IFERROR(__xludf.DUMMYFUNCTION("""COMPUTED_VALUE"""),40.0) -> 40 | X71: =IFERROR(__xludf.DUMMYFUNCTION("""COMPUTED_VALUE"""),1996.0) -> 1996 | Y71: =IFERROR(__xludf.DUMMYFUNCTION("""COMPUTED_VALUE"""),2008.0) -> 2008 | Z71: =IFERROR(__xludf.DUMMYFUNCTION("""COMPUTED_VALUE"""),1.0) -> 1
A72: =IFERROR(__xludf.DUMMYFUNCTION("""COMPUTED_VALUE"""),"Finest Playa Mujeres") -> Finest Playa Mujeres | B72: =IFERROR(__xludf.DUMMYFUNCTION("""COMPUTED_VALUE"""),93.7) -> 93.7 | C72: =IFERROR(__xludf.DUMMYFUNCTION("""COMPUTED_VALUE"""),"Family") -> Family | D72: =IFERROR(__xludf.DUMMYFUNCTION("""COMPUTED_VALUE"""),5784.0) -> 5784 | E72: =IFERROR(__xludf.DUMMYFUNCTION("""COMPUTED_VALUE"""),7987.992621599999) -> 7987.9926 | F72: =IFERROR(__xludf.DUMMYFUNCTION("""COMPUTED_VALUE"""),2.37) -> 2.37 | H72: =IFERROR(__xludf.DUMMYFUNCTION("""COMPUTED_VALUE"""),8.0) -> 8 | L72: =IFERROR(__xludf.DUMMYFUNCTION("""COMPUTED_VALUE"""),"Mexico") -> Mexico | M72: =IFERROR(__xludf.DUMMYFUNCTION("""COMPUTED_VALUE"""),"Playa Mujeres") -> Playa Mujeres | N72: =IFERROR(__xludf.DUMMYFUNCTION("""COMPUTED_VALUE"""),"Cancun") -> Cancun | O72: =IFERROR(__xludf.DUMMYFUNCTION("""COMPUTED_VALUE"""),TRUE) -> TRUE | P72: =IFERROR(__xludf.DUMMYFUNCTION("""COMPUTED_VALUE"""),0.0375) -> 0.0375 | Q72: =IFERROR(__xludf.DUMMYFUNCTION("""COMPUTED_VALUE"""),"The Excellence Collection") -> The Excellence Collection | R72: =IFERROR(__xludf.DUMMYFUNCTION("""COMPUTED_VALUE"""),"Ocean View, Green") -> Ocean View, Green | S72: =IFERROR(__xludf.DUMMYFUNCTION("""COMPUTED_VALUE"""),"Beach, Swim Out/Plunge Pool Rooms, Adults Only Rooms, Family Suite, 2 Bedroom Suites, Kids Club, Kids Waterpark, Pool Slide, Water Feature, Heated Pool, Kids Club for Under 4, Gym, Tennis, Adult Pool, Room Service, Nightclub, Wifi (Free), Babysitting, Swi"&"m Up Bar, Evening Entertainment, Spa, Buffet") -> Beach, Swim Out/Plunge Pool Rooms, Adults Only Rooms, Family Suite, 2 Bedroom Suites, Kids Club, Kids Waterpark, Pool Slide, Water Feature, Heated Pool, Kids Club for Under 4, Gym, Tennis, Adult Pool, Room Service, Nightclub, Wifi (Free), Babysitting, Swim Up Bar, Evening Entertainment, Spa, Buffet | U72: =IFERROR(__xludf.DUMMYFUNCTION("""COMPUTED_VALUE"""),"1 King or 2 Double") -> 1 King or 2 Double | V72: =IFERROR(__xludf.DUMMYFUNCTION("""COMPUTED_VALUE"""),FALSE) -> FALSE | W72: =IFERROR(__xludf.DUMMYFUNCTION("""COMPUTED_VALUE"""),450.0) -> 450 | X72: =IFERROR(__xludf.DUMMYFUNCTION("""COMPUTED_VALUE"""),2015.0) -> 2015 | Z72: =IFERROR(__xludf.DUMMYFUNCTION("""COMPUTED_VALUE"""),4.0) -> 4
A73: =IFERROR(__xludf.DUMMYFUNCTION("""COMPUTED_VALUE"""),"Petite Anse Hotel") -> Petite Anse Hotel | B73: =IFERROR(__xludf.DUMMYFUNCTION("""COMPUTED_VALUE"""),93.7) -> 93.7 | C73: =IFERROR(__xludf.DUMMYFUNCTION("""COMPUTED_VALUE"""),"Family") -> Family | D73: =IFERROR(__xludf.DUMMYFUNCTION("""COMPUTED_VALUE"""),5884.2) -> 5884.2 | E73: =IFERROR(__xludf.DUMMYFUNCTION("""COMPUTED_VALUE"""),8126.373821579999) -> 8126.3738 | F73: =IFERROR(__xludf.DUMMYFUNCTION("""COMPUTED_VALUE"""),2.33) -> 2.33 | J73: =IFERROR(__xludf.DUMMYFUNCTION("""COMPUTED_VALUE"""),3.5) -> 3.5 | K73: =IFERROR(__xludf.DUMMYFUNCTION("""COMPUTED_VALUE"""),"Max 2 per Room") -> Max 2 per Room | L73: =IFERROR(__xludf.DUMMYFUNCTION("""COMPUTED_VALUE"""),"Grenada") -> Grenada | M73: =IFERROR(__xludf.DUMMYFUNCTION("""COMPUTED_VALUE"""),"Saint Patrick Parish") -> Saint Patrick Parish | N73: =IFERROR(__xludf.DUMMYFUNCTION("""COMPUTED_VALUE"""),"Point Saline") -> Point Saline | O73: =IFERROR(__xludf.DUMMYFUNCTION("""COMPUTED_VALUE"""),FALSE) -> FALSE | P73: =IFERROR(__xludf.DUMMYFUNCTION("""COMPUTED_VALUE"""),0.05625) -> 0.05625 | S73: =IFERROR(__xludf.DUMMYFUNCTION("""COMPUTED_VALUE"""),"Beach, Wifi (Free), Buffet") -> Beach, Wifi (Free), Buffet | U73: =IFERROR(__xludf.DUMMYFUNCTION("""COMPUTED_VALUE"""),"1 King") -> 1 King | V73: =IFERROR(__xludf.DUMMYFUNCTION("""COMPUTED_VALUE"""),FALSE) -> FALSE
A74: =IFERROR(__xludf.DUMMYFUNCTION("""COMPUTED_VALUE"""),"Desire Riviera Maya Resort (Clothing optional, Couples Only)") -> Desire Riviera Maya Resort (Clothing optional, Couples Only) | B74: =IFERROR(__xludf.DUMMYFUNCTION("""COMPUTED_VALUE"""),93.7) -> 93.7 | C74: =IFERROR(__xludf.DUMMYFUNCTION("""COMPUTED_VALUE"""),"Adults Only") -> Adults Only | D74: =IFERROR(__xludf.DUMMYFUNCTION("""COMPUTED_VALUE"""),6182.05) -> 6182.05 | E74: =IFERROR(__xludf.DUMMYFUNCTION("""COMPUTED_VALUE"""),8537.719534295) -> 8537.7195 | F74: =IFERROR(__xludf.DUMMYFUNCTION("""COMPUTED_VALUE"""),2.22) -> 2.22 | H74: =IFERROR(__xludf.DUMMYFUNCTION("""COMPUTED_VALUE"""),"NYR") -> NYR | J74: =IFERROR(__xludf.DUMMYFUNCTION("""COMPUTED_VALUE"""),4.0) -> 4 | K74: =IFERROR(__xludf.DUMMYFUNCTION("""COMPUTED_VALUE"""),"Clothing Optional, Couples Only") -> Clothing Optional, Couples Only | L74: =IFERROR(__xludf.DUMMYFUNCTION("""COMPUTED_VALUE"""),"Mexico") -> Mexico | M74: =IFERROR(__xludf.DUMMYFUNCTION("""COMPUTED_VALUE"""),"Puerto Morelos") -> Puerto Morelos | N74: =IFERROR(__xludf.DUMMYFUNCTION("""COMPUTED_VALUE"""),"Cancun") -> Cancun | O74: =IFERROR(__xludf.DUMMYFUNCTION("""COMPUTED_VALUE"""),TRUE) -> TRUE | P74: =IFERROR(__xludf.DUMMYFUNCTION("""COMPUTED_VALUE"""),0.014583333333333334) -> 0.014583333 | Q74: =IFERROR(__xludf.DUMMYFUNCTION("""COMPUTED_VALUE"""),"Desire") -> Desire | R74: =IFERROR(__xludf.DUMMYFUNCTION("""COMPUTED_VALUE"""),"Romantic, Green") -> Romantic, Green | S74: =IFERROR(__xludf.DUMMYFUNCTION("""COMPUTED_VALUE"""),"Beach, Swim Out/Plunge Pool Rooms, Gym, Swim Up Bar, Evening Entertainment, Spa, Wifi (Free), Room Service, Nightclub, Buffet") -> Beach, Swim Out/Plunge Pool Rooms, Gym, Swim Up Bar, Evening Entertainment, Spa, Wifi (Free), Room Service, Nightclub, Buffet | V74: =IFERROR(__xludf.DUMMYFUNCTION("""COMPUTED_VALUE"""),FALSE) -> FALSE | W74: =IFERROR(__xludf.DUMMYFUNCTION("""COMPUTED_VALUE"""),114.0) -> 114 | Z74: =IFERROR(__xludf.DUMMYFUNCTION("""COMPUTED_VALUE"""),2.0) -> 2
A75: =IFERROR(__xludf.DUMMYFUNCTION("""COMPUTED_VALUE"""),"Sandals Royal Plantation (Couples only)") -> Sandals Royal Plantation (Couples only) | B75: =IFERROR(__xludf.DUMMYFUNCTION("""COMPUTED_VALUE"""),93.7) -> 93.7 | C75: =IFERROR(__xludf.DUMMYFUNCTION("""COMPUTED_VALUE"""),"Adults Only") -> Adults Only | D75: =IFERROR(__xludf.DUMMYFUNCTION("""COMPUTED_VALUE"""),7210.0) -> 7210 | E75: =IFERROR(__xludf.DUMMYFUNCTION("""COMPUTED_VALUE"""),9957.369778999999) -> 9957.3698 | F75: =IFERROR(__xludf.DUMMYFUNCTION("""COMPUTED_VALUE"""),1.9) -> 1.9 | G75: =IFERROR(__xludf.DUMMYFUNCTION("""COMPUTED_VALUE"""),4.0) -> 4 | H75: =IFERROR(__xludf.DUMMYFUNCTION("""COMPUTED_VALUE"""),"NYR") -> NYR | J75: =IFERROR(__xludf.DUMMYFUNCTION("""COMPUTED_VALUE"""),5.0) -> 5 | K75: =IFERROR(__xludf.DUMMYFUNCTION("""COMPUTED_VALUE"""),"Couples Only") -> Couples Only | L75: =IFERROR(__xludf.DUMMYFUNCTION("""COMPUTED_VALUE"""),"Jamaica") -> Jamaica | M75: =IFERROR(__xludf.DUMMYFUNCTION("""COMPUTED_VALUE"""),"Ochos Rios") -> Ochos Rios | N75: =IFERROR(__xludf.DUMMYFUNCTION("""COMPUTED_VALUE"""),"Sangster") -> Sangster | O75: =IFERROR(__xludf.DUMMYFUNCTION("""COMPUTED_VALUE"""),TRUE) -> TRUE | P75: =IFERROR(__xludf.DUMMYFUNCTION("""COMPUTED_VALUE"""),0.06388888888888888) -> 0.063888889 | Q75: =IFERROR(__xludf.DUMMYFUNCTION("""COMPUTED_VALUE"""),"Sandals") -> Sandals | R75: =IFERROR(__xludf.DUMMYFUNCTION("""COMPUTED_VALUE"""),"Great View, Romantic") -> Great View, Romantic | S75: =IFERROR(__xludf.DUMMYFUNCTION("""COMPUTED_VALUE"""),"Beach, Great Beach, Gym, Diving, Tennis, Evening Entertainment, Wifi (Free), Room Service, Golf Course, Fishing, Spa, Buffet") -> Beach, Great Beach, Gym, Diving, Tennis, Evening Entertainment, Wifi (Free), Room Service, Golf Course, Fishing, Spa, Buffet | V75: =IFERROR(__xludf.DUMMYFUNCTION("""COMPUTED_VALUE"""),FALSE) -> FALSE | W75: =IFERROR(__xludf.DUMMYFUNCTION("""COMPUTED_VALUE"""),74.0) -> 74 | X75: =IFERROR(__xludf.DUMMYFUNCTION("""COMPUTED_VALUE"""),1957.0) -> 1957 | Y75: =IFERROR(__xludf.DUMMYFUNCTION("""COMPUTED_VALUE"""),2005.0) -> 2005
A76: =IFERROR(__xludf.DUMMYFUNCTION("""COMPUTED_VALUE"""),"Sailrock South Caicos") -> Sailrock South Caicos | B76: =IFERROR(__xludf.DUMMYFUNCTION("""COMPUTED_VALUE"""),93.7) -> 93.7 | C76: =IFERROR(__xludf.DUMMYFUNCTION("""COMPUTED_VALUE"""),"Family") -> Family | D76: =IFERROR(__xludf.DUMMYFUNCTION("""COMPUTED_VALUE"""),17251.0) -> 17251 | E76: =IFERROR(__xludf.DUMMYFUNCTION("""COMPUTED_VALUE"""),23824.491824899997) -> 23824.492 | F76: =IFERROR(__xludf.DUMMYFUNCTION("""COMPUTED_VALUE"""),0.79) -> 0.79 | H76: =IFERROR(__xludf.DUMMYFUNCTION("""COMPUTED_VALUE"""),9.0) -> 9 | J76: =IFERROR(__xludf.DUMMYFUNCTION("""COMPUTED_VALUE"""),4.0) -> 4 | L76: =IFERROR(__xludf.DUMMYFUNCTION("""COMPUTED_VALUE"""),"Turks and Caicos") -> Turks and Caicos | M76: =IFERROR(__xludf.DUMMYFUNCTION("""COMPUTED_VALUE"""),"South Caicos") -> South Caicos | N76: =IFERROR(__xludf.DUMMYFUNCTION("""COMPUTED_VALUE"""),"Providenciales") -> Providenciales | O76: =IFERROR(__xludf.DUMMYFUNCTION("""COMPUTED_VALUE"""),TRUE) -> TRUE | R76: =IFERROR(__xludf.DUMMYFUNCTION("""COMPUTED_VALUE"""),"Family, Romantic") -> Family, Romantic | S76: =IFERROR(__xludf.DUMMYFUNCTION("""COMPUTED_VALUE"""),"Gym, Bicycles Available, Snorkelling, Windsurfing, Fishing, Wifi (Free), Yoga Classes, Room Service, Diving, Watersports Equipment Rentals, Spa, 2 Bedroom Suites, Beach, Swim Out/Plunge Pool Rooms, Buffet") -> Gym, Bicycles Available, Snorkelling, Windsurfing, Fishing, Wifi (Free), Yoga Classes, Room Service, Diving, Watersports Equipment Rentals, Spa, 2 Bedroom Suites, Beach, Swim Out/Plunge Pool Rooms, Buffet | U76: =IFERROR(__xludf.DUMMYFUNCTION("""COMPUTED_VALUE"""),"1 King") -> 1 King | V76: =IFERROR(__xludf.DUMMYFUNCTION("""COMPUTED_VALUE"""),FALSE) -> FALSE | W76: =IFERROR(__xludf.DUMMYFUNCTION("""COMPUTED_VALUE"""),35.0) -> 35 | X76: =IFERROR(__xludf.DUMMYFUNCTION("""COMPUTED_VALUE"""),2016.0) -> 2016
A77: =IFERROR(__xludf.DUMMYFUNCTION("""COMPUTED_VALUE"""),"Iberostar Selection Varadero") -> Iberostar Selection Varadero | B77: =IFERROR(__xludf.DUMMYFUNCTION("""COMPUTED_VALUE"""),93.5) -> 93.5 | C77: =IFERROR(__xludf.DUMMYFUNCTION("""COMPUTED_VALUE"""),"Family") -> Family | D77: =IFERROR(__xludf.DUMMYFUNCTION("""COMPUTED_VALUE"""),4122.59) -> 4122.59 | E77: =IFERROR(__xludf.DUMMYFUNCTION("""COMPUTED_VALUE"""),5693.502507241) -> 5693.5025 | F77: =IFERROR(__xludf.DUMMYFUNCTION("""COMPUTED_VALUE"""),3.27) -> 3.27 | H77: =IFERROR(__xludf.DUMMYFUNCTION("""COMPUTED_VALUE"""),7.0) -> 7 | J77: =IFERROR(__xludf.DUMMYFUNCTION("""COMPUTED_VALUE"""),5.0) -> 5 | L77: =IFERROR(__xludf.DUMMYFUNCTION("""COMPUTED_VALUE"""),"Cuba") -> Cuba | M77: =IFERROR(__xludf.DUMMYFUNCTION("""COMPUTED_VALUE"""),"Varadero") -> Varadero | N77: =IFERROR(__xludf.DUMMYFUNCTION("""COMPUTED_VALUE"""),"Varadero") -> Varadero | O77: =IFERROR(__xludf.DUMMYFUNCTION("""COMPUTED_VALUE"""),TRUE) -> TRUE | P77: =IFERROR(__xludf.DUMMYFUNCTION("""COMPUTED_VALUE"""),0.02361111111111111) -> 0.023611111 | Q77: =IFERROR(__xludf.DUMMYFUNCTION("""COMPUTED_VALUE"""),"IHG") -> IHG | R77: =IFERROR(__xludf.DUMMYFUNCTION("""COMPUTED_VALUE"""),"Family, Quiet") -> Family, Quiet | S77: =IFERROR(__xludf.DUMMYFUNCTION("""COMPUTED_VALUE"""),"Beach, Great Beach, Family Suite, 2 Bedroom Suites, Kids Club, Teen Club, Kids Waterpark, Babysitting, Swim Up Bar, Snorkelling, Evening Entertainment, Spa, Gym, Archery, Yoga Classes, Diving, Tennis, Buffet") -> Beach, Great Beach, Family Suite, 2 Bedroom Suites, Kids Club, Teen Club, Kids Waterpark, Babysitting, Swim Up Bar, Snorkelling, Evening Entertainment, Spa, Gym, Archery, Yoga Classes, Diving, Tennis, Buffet | T77: =IFERROR(__xludf.DUMMYFUNCTION("""COMPUTED_VALUE"""),"Yes") -> Yes | U77: =IFERROR(__xludf.DUMMYFUNCTION("""COMPUTED_VALUE"""),"1 King or 2 Double") -> 1 King or 2 Double | V77: =IFERROR(__xludf.DUMMYFUNCTION("""COMPUTED_VALUE"""),FALSE) -> FALSE | W77: =IFERROR(__xludf.DUMMYFUNCTION("""COMPUTED_VALUE"""),386.0) -> 386 | X77: =IFERROR(__xludf.DUMMYFUNCTION("""COMPUTED_VALUE"""),2004.0) -> 2004 | Y77: =IFERROR(__xludf.DUMMYFUNCTION("""COMPUTED_VALUE"""),2017.0) -> 2017
A78: =IFERROR(__xludf.DUMMYFUNCTION("""COMPUTED_VALUE"""),"Le Blanc Spa Resort Los Cabos") -> Le Blanc Spa Resort Los Cabos | B78: =IFERROR(__xludf.DUMMYFUNCTION("""COMPUTED_VALUE"""),93.5) -> 93.5 | C78: =IFERROR(__xludf.DUMMYFUNCTION("""COMPUTED_VALUE"""),"Adults Only") -> Adults Only | D78: =IFERROR(__xludf.DUMMYFUNCTION("""COMPUTED_VALUE"""),8638.0) -> 8638 | E78: =IFERROR(__xludf.DUMMYFUNCTION("""COMPUTED_VALUE"""),11929.5090362) -> 11929.509 | F78: =IFERROR(__xludf.DUMMYFUNCTION("""COMPUTED_VALUE"""),1.56) -> 1.56 | G78: =IFERROR(__xludf.DUMMYFUNCTION("""COMPUTED_VALUE"""),5.0) -> 5 | H78: =IFERROR(__xludf.DUMMYFUNCTION("""COMPUTED_VALUE"""),9.0) -> 9 | J78: =IFERROR(__xludf.DUMMYFUNCTION("""COMPUTED_VALUE"""),5.0) -> 5 | L78: =IFERROR(__xludf.DUMMYFUNCTION("""COMPUTED_VALUE"""),"Mexico") -> Mexico | M78: =IFERROR(__xludf.DUMMYFUNCTION("""COMPUTED_VALUE"""),"San Jose del Cabo") -> San Jose del Cabo | N78: =IFERROR(__xludf.DUMMYFUNCTION("""COMPUTED_VALUE"""),"Los Cabos") -> Los Cabos | O78: =IFERROR(__xludf.DUMMYFUNCTION("""COMPUTED_VALUE"""),TRUE) -> TRUE | P78: =IFERROR(__xludf.DUMMYFUNCTION("""COMPUTED_VALUE"""),0.01875) -> 0.01875 | Q78: =IFERROR(__xludf.DUMMYFUNCTION("""COMPUTED_VALUE"""),"Palace Resorts") -> Palace Resorts | R78: =IFERROR(__xludf.DUMMYFUNCTION("""COMPUTED_VALUE"""),"Business, Romantic") -> Business, Romantic | S78: =IFERROR(__xludf.DUMMYFUNCTION("""COMPUTED_VALUE"""),"Beach, Heated Pool, Gym, Room Service, Swim Up Bar, Wifi (Free), Evening Entertainment, Spa, Buffet") -> Beach, Heated Pool, Gym, Room Service, Swim Up Bar, Wifi (Free), Evening Entertainment, Spa, Buffet | V78: =IFERROR(__xludf.DUMMYFUNCTION("""COMPUTED_VALUE"""),TRUE) -> TRUE | W78: =IFERROR(__xludf.DUMMYFUNCTION("""COMPUTED_VALUE"""),373.0) -> 373 | X78: =IFERROR(__xludf.DUMMYFUNCTION("""COMPUTED_VALUE"""),2017.0) -> 2017 | Z78: =IFERROR(__xludf.DUMMYFUNCTION("""COMPUTED_VALUE"""),12.0) -> 12
A79: =IFERROR(__xludf.DUMMYFUNCTION("""COMPUTED_VALUE"""),"Impression Moxche by Secrets") -> Impression Moxche by Secrets | B79: =IFERROR(__xludf.DUMMYFUNCTION("""COMPUTED_VALUE"""),93.5) -> 93.5 | C79: =IFERROR(__xludf.DUMMYFUNCTION("""COMPUTED_VALUE"""),"Adults Only") -> Adults Only | D79: =IFERROR(__xludf.DUMMYFUNCTION("""COMPUTED_VALUE"""),9156.0) -> 9156 | E79: =IFERROR(__xludf.DUMMYFUNCTION("""COMPUTED_VALUE"""),12644.892884399998) -> 12644.893 | F79: =IFERROR(__xludf.DUMMYFUNCTION("""COMPUTED_VALUE"""),1.47) -> 1.47 | H79: =IFERROR(__xludf.DUMMYFUNCTION("""COMPUTED_VALUE"""),9.0) -> 9 | I79: =IFERROR(__xludf.DUMMYFUNCTION("""COMPUTED_VALUE"""),"F") -> F | J79: =IFERROR(__xludf.DUMMYFUNCTION("""COMPUTED_VALUE"""),5.0) -> 5 | L79: =IFERROR(__xludf.DUMMYFUNCTION("""COMPUTED_VALUE"""),"Mexico") -> Mexico | M79: =IFERROR(__xludf.DUMMYFUNCTION("""COMPUTED_VALUE"""),"Playa del Carmen") -> Playa del Carmen | N79: =IFERROR(__xludf.DUMMYFUNCTION("""COMPUTED_VALUE"""),"Cancun") -> Cancun | O79: =IFERROR(__xludf.DUMMYFUNCTION("""COMPUTED_VALUE"""),TRUE) -> TRUE | P79: =IFERROR(__xludf.DUMMYFUNCTION("""COMPUTED_VALUE"""),0.03125) -> 0.03125 | Q79: =IFERROR(__xludf.DUMMYFUNCTION("""COMPUTED_VALUE"""),"Hyatt") -> Hyatt | R79: =IFERROR(__xludf.DUMMYFUNCTION("""COMPUTED_VALUE"""),"Luxury") -> Luxury | S79: =IFERROR(__xludf.DUMMYFUNCTION("""COMPUTED_VALUE"""),"Beach, Great Food, Swim Out/Plunge Pool Rooms, Heated Pool, Gym, Room Service, Nightclub, Spa, Wifi (Free), Evening Entertainment, Buffet") -> Beach, Great Food, Swim Out/Plunge Pool Rooms, Heated Pool, Gym, Room Service, Nightclub, Spa, Wifi (Free), Evening Entertainment, Buffet | V79: =IFERROR(__xludf.DUMMYFUNCTION("""COMPUTED_VALUE"""),FALSE) -> FALSE | W79: =IFERROR(__xludf.DUMMYFUNCTION("""COMPUTED_VALUE"""),198.0) -> 198 | X79: =IFERROR(__xludf.DUMMYFUNCTION("""COMPUTED_VALUE"""),2021.0) -> 2021 | Z79: =IFERROR(__xludf.DUMMYFUNCTION("""COMPUTED_VALUE"""),8.0) -> 8
A80: =IFERROR(__xludf.DUMMYFUNCTION("""COMPUTED_VALUE"""),"Iberostar Selection Coral Cancún") -> Iberostar Selection Coral Cancún | B80: =IFERROR(__xludf.DUMMYFUNCTION("""COMPUTED_VALUE"""),93.3) -> 93.3 | C80: =IFERROR(__xludf.DUMMYFUNCTION("""COMPUTED_VALUE"""),"Adults Only") -> Adults Only | D80: =IFERROR(__xludf.DUMMYFUNCTION("""COMPUTED_VALUE"""),4280.64) -> 4280.64 | E80: =IFERROR(__xludf.DUMMYFUNCTION("""COMPUTED_VALUE"""),5911.777443936) -> 5911.7774 | F80: =IFERROR(__xludf.DUMMYFUNCTION("""COMPUTED_VALUE"""),3.11) -> 3.11 | H80: =IFERROR(__xludf.DUMMYFUNCTION("""COMPUTED_VALUE"""),9.0) -> 9 | J80: =IFERROR(__xludf.DUMMYFUNCTION("""COMPUTED_VALUE"""),5.0) -> 5 | L80: =IFERROR(__xludf.DUMMYFUNCTION("""COMPUTED_VALUE"""),"Mexico") -> Mexico | M80: =IFERROR(__xludf.DUMMYFUNCTION("""COMPUTED_VALUE"""),"Cancun") -> Cancun | N80: =IFERROR(__xludf.DUMMYFUNCTION("""COMPUTED_VALUE"""),"Cancun") -> Cancun | O80: =IFERROR(__xludf.DUMMYFUNCTION("""COMPUTED_VALUE"""),TRUE) -> TRUE | P80: =IFERROR(__xludf.DUMMYFUNCTION("""COMPUTED_VALUE"""),0.0125) -> 0.0125 | Q80: =IFERROR(__xludf.DUMMYFUNCTION("""COMPUTED_VALUE"""),"IHG") -> IHG | R80: =IFERROR(__xludf.DUMMYFUNCTION("""COMPUTED_VALUE"""),"Romantic, Modern") -> Romantic, Modern | S80: =IFERROR(__xludf.DUMMYFUNCTION("""COMPUTED_VALUE"""),"Beach, Gym, Diving, Swim Up Bar, Evening Entertainment, Wifi (Free), Tennis, Spa, Buffet") -> Beach, Gym, Diving, Swim Up Bar, Evening Entertainment, Wifi (Free), Tennis, Spa, Buffet | V80: =IFERROR(__xludf.DUMMYFUNCTION("""COMPUTED_VALUE"""),TRUE) -> TRUE | W80: =IFERROR(__xludf.DUMMYFUNCTION("""COMPUTED_VALUE"""),156.0) -> 156 | X80: =IFERROR(__xludf.DUMMYFUNCTION("""COMPUTED_VALUE"""),2018.0) -> 2018 | Z80: =IFERROR(__xludf.DUMMYFUNCTION("""COMPUTED_VALUE"""),15.0) -> 15
A81: =IFERROR(__xludf.DUMMYFUNCTION("""COMPUTED_VALUE"""),"Hyatt Zilara Cancun") -> Hyatt Zilara Cancun | B81: =IFERROR(__xludf.DUMMYFUNCTION("""COMPUTED_VALUE"""),93.3) -> 93.3 | C81: =IFERROR(__xludf.DUMMYFUNCTION("""COMPUTED_VALUE"""),"Adults Only") -> Adults Only | D81: =IFERROR(__xludf.DUMMYFUNCTION("""COMPUTED_VALUE"""),4429.13) -> 4429.13 | E81: =IFERROR(__xludf.DUMMYFUNCTION("""COMPUTED_VALUE"""),6116.849543586999) -> 6116.8495 | F81: =IFERROR(__xludf.DUMMYFUNCTION("""COMPUTED_VALUE"""),3.0) -> 3 | G81: =IFERROR(__xludf.DUMMYFUNCTION("""COMPUTED_VALUE"""),4.0) -> 4 | H81: =IFERROR(__xludf.DUMMYFUNCTION("""COMPUTED_VALUE"""),9.0) -> 9 | I81: =IFERROR(__xludf.DUMMYFUNCTION("""COMPUTED_VALUE"""),"E") -> E | J81: =IFERROR(__xludf.DUMMYFUNCTION("""COMPUTED_VALUE"""),5.0) -> 5 | L81: =IFERROR(__xludf.DUMMYFUNCTION("""COMPUTED_VALUE"""),"Mexico") -> Mexico | M81: =IFERROR(__xludf.DUMMYFUNCTION("""COMPUTED_VALUE"""),"Cancun") -> Cancun | N81: =IFERROR(__xludf.DUMMYFUNCTION("""COMPUTED_VALUE"""),"Cancun") -> Cancun | O81: =IFERROR(__xludf.DUMMYFUNCTION("""COMPUTED_VALUE"""),TRUE) -> TRUE | P81: =IFERROR(__xludf.DUMMYFUNCTION("""COMPUTED_VALUE"""),0.017361111111111112) -> 0.017361111 | Q81: =IFERROR(__xludf.DUMMYFUNCTION("""COMPUTED_VALUE"""),"Hyatt") -> Hyatt | R81: =IFERROR(__xludf.DUMMYFUNCTION("""COMPUTED_VALUE"""),"Green, Romantic") -> Green, Romantic | S81: =IFERROR(__xludf.DUMMYFUNCTION("""COMPUTED_VALUE"""),"Beach, Swim Out/Plunge Pool Rooms, Heated Pool, Gym, Diving, Spa, Wifi (Free), Swim Up Bar, Evening Entertainment, Buffet") -> Beach, Swim Out/Plunge Pool Rooms, Heated Pool, Gym, Diving, Spa, Wifi (Free), Swim Up Bar, Evening Entertainment, Buffet | V81: =IFERROR(__xludf.DUMMYFUNCTION("""COMPUTED_VALUE"""),TRUE) -> TRUE | W81: =IFERROR(__xludf.DUMMYFUNCTION("""COMPUTED_VALUE"""),310.0) -> 310 | X81: =IFERROR(__xludf.DUMMYFUNCTION("""COMPUTED_VALUE"""),2007.0) -> 2007 | Z81: =IFERROR(__xludf.DUMMYFUNCTION("""COMPUTED_VALUE"""),8.0) -> 8
A82: =IFERROR(__xludf.DUMMYFUNCTION("""COMPUTED_VALUE"""),"Hotel Mousai Puerto Vallarta") -> Hotel Mousai Puerto Vallarta | B82: =IFERROR(__xludf.DUMMYFUNCTION("""COMPUTED_VALUE"""),93.3) -> 93.3 | C82: =IFERROR(__xludf.DUMMYFUNCTION("""COMPUTED_VALUE"""),"Adults Only") -> Adults Only | D82: =IFERROR(__xludf.DUMMYFUNCTION("""COMPUTED_VALUE"""),6921.0) -> 6921 | E82: =IFERROR(__xludf.DUMMYFUNCTION("""COMPUTED_VALUE"""),9558.2463579) -> 9558.2464 | F82: =IFERROR(__xludf.DUMMYFUNCTION("""COMPUTED_VALUE"""),1.92) -> 1.92 | G82: =IFERROR(__xludf.DUMMYFUNCTION("""COMPUTED_VALUE"""),5.0) -> 5 | H82: =IFERROR(__xludf.DUMMYFUNCTION("""COMPUTED_VALUE"""),9.0) -> 9 | J82: =IFERROR(__xludf.DUMMYFUNCTION("""COMPUTED_VALUE"""),5.0) -> 5 | L82: =IFERROR(__xludf.DUMMYFUNCTION("""COMPUTED_VALUE"""),"Mexico") -> Mexico | M82: =IFERROR(__xludf.DUMMYFUNCTION("""COMPUTED_VALUE"""),"Puerto Vallarta") -> Puerto Vallarta | N82: =IFERROR(__xludf.DUMMYFUNCTION("""COMPUTED_VALUE"""),"Ordaz") -> Ordaz | O82: =IFERROR(__xludf.DUMMYFUNCTION("""COMPUTED_VALUE"""),TRUE) -> TRUE | P82: =IFERROR(__xludf.DUMMYFUNCTION("""COMPUTED_VALUE"""),0.02638888888888889) -> 0.026388889 | Q82: =IFERROR(__xludf.DUMMYFUNCTION("""COMPUTED_VALUE"""),"Tafer Hotels & Resorts") -> Tafer Hotels & Resorts | R82: =IFERROR(__xludf.DUMMYFUNCTION("""COMPUTED_VALUE"""),"Romantic, Mountain View") -> Romantic, Mountain View | S82: =IFERROR(__xludf.DUMMYFUNCTION("""COMPUTED_VALUE"""),"Beach, Heated Pool, Gym, Tennis, Room Service, Spa, Buffet") -> Beach, Heated Pool, Gym, Tennis, Room Service, Spa, Buffet | V82: =IFERROR(__xludf.DUMMYFUNCTION("""COMPUTED_VALUE"""),TRUE) -> TRUE | W82: =IFERROR(__xludf.DUMMYFUNCTION("""COMPUTED_VALUE"""),145.0) -> 145 | X82: =IFERROR(__xludf.DUMMYFUNCTION("""COMPUTED_VALUE"""),2014.0) -> 2014 | Y82: =IFERROR(__xludf.DUMMYFUNCTION("""COMPUTED_VALUE"""),2021.0) -> 2021
A83: =IFERROR(__xludf.DUMMYFUNCTION("""COMPUTED_VALUE"""),"TRS Yucatan Hotel") -> TRS Yucatan Hotel | B83: =IFERROR(__xludf.DUMMYFUNCTION("""COMPUTED_VALUE"""),93.3) -> 93.3 | C83: =IFERROR(__xludf.DUMMYFUNCTION("""COMPUTED_VALUE"""),"Adults Only") -> Adults Only | D83: =IFERROR(__xludf.DUMMYFUNCTION("""COMPUTED_VALUE"""),7188.44) -> 7188.44 | E83: =IFERROR(__xludf.DUMMYFUNCTION("""COMPUTED_VALUE"""),9927.594343155999) -> 9927.5943 | F83: =IFERROR(__xludf.DUMMYFUNCTION("""COMPUTED_VALUE"""),1.85) -> 1.85 | H83: =IFERROR(__xludf.DUMMYFUNCTION("""COMPUTED_VALUE"""),7.0) -> 7 | J83: =IFERROR(__xludf.DUMMYFUNCTION("""COMPUTED_VALUE"""),5.0) -> 5 | L83: =IFERROR(__xludf.DUMMYFUNCTION("""COMPUTED_VALUE"""),"Mexico") -> Mexico | M83: =IFERROR(__xludf.DUMMYFUNCTION("""COMPUTED_VALUE"""),"Solidaridad") -> Solidaridad | N83: =IFERROR(__xludf.DUMMYFUNCTION("""COMPUTED_VALUE"""),"Cancun") -> Cancun | O83: =IFERROR(__xludf.DUMMYFUNCTION("""COMPUTED_VALUE"""),TRUE) -> TRUE | P83: =IFERROR(__xludf.DUMMYFUNCTION("""COMPUTED_VALUE"""),0.04791666666666667) -> 0.047916667 | Q83: =IFERROR(__xludf.DUMMYFUNCTION("""COMPUTED_VALUE"""),"Wyndham Hotels") -> Wyndham Hotels | S83: =IFERROR(__xludf.DUMMYFUNCTION("""COMPUTED_VALUE"""),"Beach, Great Food, Swim Out/Plunge Pool Rooms, Gym, Diving, Evening Entertainment, Spa, Wifi (Free), Room Service, Swim Up Bar, Tennis, Nightclub, Buffet") -> Beach, Great Food, Swim Out/Plunge Pool Rooms, Gym, Diving, Evening Entertainment, Spa, Wifi (Free), Room Service, Swim Up Bar, Tennis, Nightclub, Buffet | V83: =IFERROR(__xludf.DUMMYFUNCTION("""COMPUTED_VALUE"""),FALSE) -> FALSE | W83: =IFERROR(__xludf.DUMMYFUNCTION("""COMPUTED_VALUE"""),454.0) -> 454 | X83: =IFERROR(__xludf.DUMMYFUNCTION("""COMPUTED_VALUE"""),2002.0) -> 2002 | Y83: =IFERROR(__xludf.DUMMYFUNCTION("""COMPUTED_VALUE"""),2017.0) -> 2017 | Z83: =IFERROR(__xludf.DUMMYFUNCTION("""COMPUTED_VALUE"""),3.0) -> 3
A84: =IFERROR(__xludf.DUMMYFUNCTION("""COMPUTED_VALUE"""),"Casa de Campo Resort & Villas") -> Casa de Campo Resort & Villas | B84: =IFERROR(__xludf.DUMMYFUNCTION("""COMPUTED_VALUE"""),93.3) -> 93.3 | C84: =IFERROR(__xludf.DUMMYFUNCTION("""COMPUTED_VALUE"""),"Family") -> Family | D84: =IFERROR(__xludf.DUMMYFUNCTION("""COMPUTED_VALUE"""),9065.35) -> 9065.35 | E84: =IFERROR(__xludf.DUMMYFUNCTION("""COMPUTED_VALUE"""),12519.700710964999) -> 12519.701 | F84: =IFERROR(__xludf.DUMMYFUNCTION("""COMPUTED_VALUE"""),1.47) -> 1.47 | G84: =IFERROR(__xludf.DUMMYFUNCTION("""COMPUTED_VALUE"""),4.0) -> 4 | H84: =IFERROR(__xludf.DUMMYFUNCTION("""COMPUTED_VALUE"""),9.0) -> 9 | J84: =IFERROR(__xludf.DUMMYFUNCTION("""COMPUTED_VALUE"""),4.5) -> 4.5 | L84: =IFERROR(__xludf.DUMMYFUNCTION("""COMPUTED_VALUE"""),"Dominican Republic") -> Dominican Republic | M84: =IFERROR(__xludf.DUMMYFUNCTION("""COMPUTED_VALUE"""),"La Romana") -> La Romana | N84: =IFERROR(__xludf.DUMMYFUNCTION("""COMPUTED_VALUE"""),"Punta Cana") -> Punta Cana | O84: =IFERROR(__xludf.DUMMYFUNCTION("""COMPUTED_VALUE"""),TRUE) -> TRUE | P84: =IFERROR(__xludf.DUMMYFUNCTION("""COMPUTED_VALUE"""),0.03263888888888889) -> 0.032638889 | S84: =IFERROR(__xludf.DUMMYFUNCTION("""COMPUTED_VALUE"""),"Beach, Family Suite, 2 Bedroom Suites, Gym, Adult Pool, Horseback Riding, Tennis, Fishing, Spa, Babysitting, Yoga Classes, Room Service, Swim Up Bar, Golf Course, Snorkelling, Evening Entertainment, Nightclub, Buffet") -> Beach, Family Suite, 2 Bedroom Suites, Gym, Adult Pool, Horseback Riding, Tennis, Fishing, Spa, Babysitting, Yoga Classes, Room Service, Swim Up Bar, Golf Course, Snorkelling, Evening Entertainment, Nightclub, Buffet | T84: =IFERROR(__xludf.DUMMYFUNCTION("""COMPUTED_VALUE"""),"Can Request") -> Can Request | U84: =IFERROR(__xludf.DUMMYFUNCTION("""COMPUTED_VALUE"""),"1 King or 2 Double") -> 1 King or 2 Double | V84: =IFERROR(__xludf.DUMMYFUNCTION("""COMPUTED_VALUE"""),FALSE) -> FALSE | W84: =IFERROR(__xludf.DUMMYFUNCTION("""COMPUTED_VALUE"""),185.0) -> 185 | X84: =IFERROR(__xludf.DUMMYFUNCTION("""COMPUTED_VALUE"""),1973.0) -> 1973 | Y84: =IFERROR(__xludf.DUMMYFUNCTION("""COMPUTED_VALUE"""),2019.0) -> 2019 | Z84: =IFERROR(__xludf.DUMMYFUNCTION("""COMPUTED_VALUE"""),2.0) -> 2
A85: =IFERROR(__xludf.DUMMYFUNCTION("""COMPUTED_VALUE"""),"Hotel Xcaret Arte (16+)") -> Hotel Xcaret Arte (16+) | B85: =IFERROR(__xludf.DUMMYFUNCTION("""COMPUTED_VALUE"""),93.3) -> 93.3 | C85: =IFERROR(__xludf.DUMMYFUNCTION("""COMPUTED_VALUE"""),"Adults Only") -> Adults Only | D85: =IFERROR(__xludf.DUMMYFUNCTION("""COMPUTED_VALUE"""),9543.83) -> 9543.83 | E85: =IFERROR(__xludf.DUMMYFUNCTION("""COMPUTED_VALUE"""),13180.505467116998) -> 13180.505 | F85: =IFERROR(__xludf.DUMMYFUNCTION("""COMPUTED_VALUE"""),1.39) -> 1.39 | G85: =IFERROR(__xludf.DUMMYFUNCTION("""COMPUTED_VALUE"""),5.0) -> 5 | H85: =IFERROR(__xludf.DUMMYFUNCTION("""COMPUTED_VALUE"""),"NYR") -> NYR | J85: =IFERROR(__xludf.DUMMYFUNCTION("""COMPUTED_VALUE"""),5.0) -> 5 | K85: =IFERROR(__xludf.DUMMYFUNCTION("""COMPUTED_VALUE"""),"16+ Allowed") -> 16+ Allowed | L85: =IFERROR(__xludf.DUMMYFUNCTION("""COMPUTED_VALUE"""),"Mexico") -> Mexico | M85: =IFERROR(__xludf.DUMMYFUNCTION("""COMPUTED_VALUE"""),"Playa del Carmen") -> Playa del Carmen | N85: =IFERROR(__xludf.DUMMYFUNCTION("""COMPUTED_VALUE"""),"Cancun") -> Cancun | O85: =IFERROR(__xludf.DUMMYFUNCTION("""COMPUTED_VALUE"""),TRUE) -> TRUE | P85: =IFERROR(__xludf.DUMMYFUNCTION("""COMPUTED_VALUE"""),0.03819444444444445) -> 0.038194444 | Q85: =IFERROR(__xludf.DUMMYFUNCTION("""COMPUTED_VALUE"""),"Hoteles Xcaret") -> Hoteles Xcaret | R85: =IFERROR(__xludf.DUMMYFUNCTION("""COMPUTED_VALUE"""),"Luxury, Ocean View") -> Luxury, Ocean View | S85: =IFERROR(__xludf.DUMMYFUNCTION("""COMPUTED_VALUE"""),"Beach, Great Food, Swim Out/Plunge Pool Rooms, Heated Pool, Gym, Yoga Classes, Room Service, Swim Up Bar, Evening Entertainment, Nightclub, Wifi (Free), Pets Allowed, Hiking, Watersports Equipment Rentals, Spa, Buffet") -> Beach, Great Food, Swim Out/Plunge Pool Rooms, Heated Pool, Gym, Yoga Classes, Room Service, Swim Up Bar, Evening Entertainment, Nightclub, Wifi (Free), Pets Allowed, Hiking, Watersports Equipment Rentals, Spa, Buffet | V85: =IFERROR(__xludf.DUMMYFUNCTION("""COMPUTED_VALUE"""),FALSE) -> FALSE | W85: =IFERROR(__xludf.DUMMYFUNCTION("""COMPUTED_VALUE"""),900.0) -> 900 | X85: =IFERROR(__xludf.DUMMYFUNCTION("""COMPUTED_VALUE"""),2021.0) -> 2021
A86: =IFERROR(__xludf.DUMMYFUNCTION("""COMPUTED_VALUE"""),"Gran Mutha Rainbow Hotel (LGBTQ+)") -> Gran Mutha Rainbow Hotel (LGBTQ+) | B86: =IFERROR(__xludf.DUMMYFUNCTION("""COMPUTED_VALUE"""),93.0) -> 93 | C86: =IFERROR(__xludf.DUMMYFUNCTION("""COMPUTED_VALUE"""),"Adults Only") -> Adults Only | D86: =IFERROR(__xludf.DUMMYFUNCTION("""COMPUTED_VALUE"""),2254.56) -> 2254.56 | E86: =IFERROR(__xludf.DUMMYFUNCTION("""COMPUTED_VALUE"""),3113.6598625439997) -> 3113.6599 | F86: =IFERROR(__xludf.DUMMYFUNCTION("""COMPUTED_VALUE"""),5.77) -> 5.77 | J86: =IFERROR(__xludf.DUMMYFUNCTION("""COMPUTED_VALUE"""),5.0) -> 5 | L86: =IFERROR(__xludf.DUMMYFUNCTION("""COMPUTED_VALUE"""),"Cuba") -> Cuba | M86: =IFERROR(__xludf.DUMMYFUNCTION("""COMPUTED_VALUE"""),"Cayo Guillermo") -> Cayo Guillermo | N86: =IFERROR(__xludf.DUMMYFUNCTION("""COMPUTED_VALUE"""),"Cayo Coco") -> Cayo Coco | O86: =IFERROR(__xludf.DUMMYFUNCTION("""COMPUTED_VALUE"""),TRUE) -> TRUE | P86: =IFERROR(__xludf.DUMMYFUNCTION("""COMPUTED_VALUE"""),0.025694444444444443) -> 0.025694444 | R86: =IFERROR(__xludf.DUMMYFUNCTION("""COMPUTED_VALUE"""),"Romantic") -> Romantic | S86: =IFERROR(__xludf.DUMMYFUNCTION("""COMPUTED_VALUE"""),"Beach, Swim Out/Plunge Pool Rooms, Gym, Wifi (Paid), Windsurfing, Nightclub, Yoga Classes, Tennis, Evening Entertainment, Spa, Buffet") -> Beach, Swim Out/Plunge Pool Rooms, Gym, Wifi (Paid), Windsurfing, Nightclub, Yoga Classes, Tennis, Evening Entertainment, Spa, Buffet | V86: =IFERROR(__xludf.DUMMYFUNCTION("""COMPUTED_VALUE"""),FALSE) -> FALSE
A87: =IFERROR(__xludf.DUMMYFUNCTION("""COMPUTED_VALUE"""),"Hotel Mousai Cancun") -> Hotel Mousai Cancun | B87: =IFERROR(__xludf.DUMMYFUNCTION("""COMPUTED_VALUE"""),93.0) -> 93 | C87: =IFERROR(__xludf.DUMMYFUNCTION("""COMPUTED_VALUE"""),"Adults Only") -> Adults Only | D87: =IFERROR(__xludf.DUMMYFUNCTION("""COMPUTED_VALUE"""),7359.0) -> 7359 | E87: =IFERROR(__xludf.DUMMYFUNCTION("""COMPUTED_VALUE"""),10163.1462141) -> 10163.146 | F87: =IFERROR(__xludf.DUMMYFUNCTION("""COMPUTED_VALUE"""),1.77) -> 1.77 | H87: =IFERROR(__xludf.DUMMYFUNCTION("""COMPUTED_VALUE"""),9.0) -> 9 | J87: =IFERROR(__xludf.DUMMYFUNCTION("""COMPUTED_VALUE"""),5.0) -> 5 | L87: =IFERROR(__xludf.DUMMYFUNCTION("""COMPUTED_VALUE"""),"Mexico") -> Mexico | M87: =IFERROR(__xludf.DUMMYFUNCTION("""COMPUTED_VALUE"""),"Costa Mujeres") -> Costa Mujeres | N87: =IFERROR(__xludf.DUMMYFUNCTION("""COMPUTED_VALUE"""),"Cancun") -> Cancun | O87: =IFERROR(__xludf.DUMMYFUNCTION("""COMPUTED_VALUE"""),TRUE) -> TRUE | P87: =IFERROR(__xludf.DUMMYFUNCTION("""COMPUTED_VALUE"""),0.024305555555555556) -> 0.024305556 | R87: =IFERROR(__xludf.DUMMYFUNCTION("""COMPUTED_VALUE"""),"Romantic, Luxury") -> Romantic, Luxury | S87: =IFERROR(__xludf.DUMMYFUNCTION("""COMPUTED_VALUE"""),"Heated Pool, Gym, Snorkelling, Spa, Wifi (Free), Room Service") -> Heated Pool, Gym, Snorkelling, Spa, Wifi (Free), Room Service | V87: =IFERROR(__xludf.DUMMYFUNCTION("""COMPUTED_VALUE"""),TRUE) -> TRUE | W87: =IFERROR(__xludf.DUMMYFUNCTION("""COMPUTED_VALUE"""),88.0) -> 88 | X87: =IFERROR(__xludf.DUMMYFUNCTION("""COMPUTED_VALUE"""),2023.0) -> 2023 | Z87: =IFERROR(__xludf.DUMMYFUNCTION("""COMPUTED_VALUE"""),9.0) -> 9
A88: =IFERROR(__xludf.DUMMYFUNCTION("""COMPUTED_VALUE"""),"Grand Solmar Land's End Resort & Spa") -> Grand Solmar Land's End Resort & Spa | B88: =IFERROR(__xludf.DUMMYFUNCTION("""COMPUTED_VALUE"""),93.0) -> 93 | C88: =IFERROR(__xludf.DUMMYFUNCTION("""COMPUTED_VALUE"""),"Family") -> Family | D88: =IFERROR(__xludf.DUMMYFUNCTION("""COMPUTED_VALUE"""),8196.47) -> 8196.47 | E88: =IFERROR(__xludf.DUMMYFUNCTION("""COMPUTED_VALUE"""),11319.734073852998) -> 11319.734 | F88: =IFERROR(__xludf.DUMMYFUNCTION("""COMPUTED_VALUE"""),1.59) -> 1.59 | H88: =IFERROR(__xludf.DUMMYFUNCTION("""COMPUTED_VALUE"""),9.0) -> 9 | J88: =IFERROR(__xludf.DUMMYFUNCTION("""COMPUTED_VALUE"""),4.5) -> 4.5 | L88: =IFERROR(__xludf.DUMMYFUNCTION("""COMPUTED_VALUE"""),"Mexico") -> Mexico | M88: =IFERROR(__xludf.DUMMYFUNCTION("""COMPUTED_VALUE"""),"Cabo San Lucas") -> Cabo San Lucas | N88: =IFERROR(__xludf.DUMMYFUNCTION("""COMPUTED_VALUE"""),"Los Cabos") -> Los Cabos | O88: =IFERROR(__xludf.DUMMYFUNCTION("""COMPUTED_VALUE"""),TRUE) -> TRUE | P88: =IFERROR(__xludf.DUMMYFUNCTION("""COMPUTED_VALUE"""),0.03125) -> 0.03125 | Q88: =IFERROR(__xludf.DUMMYFUNCTION("""COMPUTED_VALUE"""),"Solmar") -> Solmar | R88: =IFERROR(__xludf.DUMMYFUNCTION("""COMPUTED_VALUE"""),"Quiet, Value") -> Quiet, Value | S88: =IFERROR(__xludf.DUMMYFUNCTION("""COMPUTED_VALUE"""),"Beach, Kids Club, Heated Pool, Gym, Swim Up Bar, Evening Entertainment, Spa, Wifi (Free), Babysitting, Adult Pool, Buffet") -> Beach, Kids Club, Heated Pool, Gym, Swim Up Bar, Evening Entertainment, Spa, Wifi (Free), Babysitting, Adult Pool, Buffet | T88: =IFERROR(__xludf.DUMMYFUNCTION("""COMPUTED_VALUE"""),"Can't Book Two Rooms") -> Can't Book Two Rooms | U88: =IFERROR(__xludf.DUMMYFUNCTION("""COMPUTED_VALUE"""),"1 King and 1 Queen Murphy Bed") -> 1 King and 1 Queen Murphy Bed | V88: =IFERROR(__xludf.DUMMYFUNCTION("""COMPUTED_VALUE"""),TRUE) -> TRUE | W88: =IFERROR(__xludf.DUMMYFUNCTION("""COMPUTED_VALUE"""),246.0) -> 246 | X88: =IFERROR(__xludf.DUMMYFUNCTION("""COMPUTED_VALUE"""),2010.0) -> 2010 | Y88: =IFERROR(__xludf.DUMMYFUNCTION("""COMPUTED_VALUE"""),2015.0) -> 2015 | Z88: =IFERROR(__xludf.DUMMYFUNCTION("""COMPUTED_VALUE"""),10.0) -> 10
A89: =IFERROR(__xludf.DUMMYFUNCTION("""COMPUTED_VALUE"""),"Anse Chastanet (No air conditioning or pool)") -> Anse Chastanet (No air conditioning or pool) | B89: =IFERROR(__xludf.DUMMYFUNCTION("""COMPUTED_VALUE"""),93.0) -> 93 | C89: =IFERROR(__xludf.DUMMYFUNCTION("""COMPUTED_VALUE"""),"Family") -> Family | D89: =IFERROR(__xludf.DUMMYFUNCTION("""COMPUTED_VALUE"""),9450.0) -> 9450 | E89: =IFERROR(__xludf.DUMMYFUNCTION("""COMPUTED_VALUE"""),13050.921554999999) -> 13050.922 | F89: =IFERROR(__xludf.DUMMYFUNCTION("""COMPUTED_VALUE"""),1.38) -> 1.38 | G89: =IFERROR(__xludf.DUMMYFUNCTION("""COMPUTED_VALUE"""),4.0) -> 4 | H89: =IFERROR(__xludf.DUMMYFUNCTION("""COMPUTED_VALUE"""),7.0) -> 7 | J89: =IFERROR(__xludf.DUMMYFUNCTION("""COMPUTED_VALUE"""),4.0) -> 4 | K89: =IFERROR(__xludf.DUMMYFUNCTION("""COMPUTED_VALUE"""),"No AC or Pool") -> No AC or Pool | L89: =IFERROR(__xludf.DUMMYFUNCTION("""COMPUTED_VALUE"""),"Saint Lucia") -> Saint Lucia | M89: =IFERROR(__xludf.DUMMYFUNCTION("""COMPUTED_VALUE"""),"Soufriere") -> Soufriere | N89: =IFERROR(__xludf.DUMMYFUNCTION("""COMPUTED_VALUE"""),"Hewanorra") -> Hewanorra | O89: =IFERROR(__xludf.DUMMYFUNCTION("""COMPUTED_VALUE"""),FALSE) -> FALSE | P89: =IFERROR(__xludf.DUMMYFUNCTION("""COMPUTED_VALUE"""),0.04236111111111111) -> 0.042361111 | R89: =IFERROR(__xludf.DUMMYFUNCTION("""COMPUTED_VALUE"""),"Ocean View, Quiet") -> Ocean View, Quiet | S89: =IFERROR(__xludf.DUMMYFUNCTION("""COMPUTED_VALUE"""),"Beach, Swim Out/Plunge Pool Rooms, Family Suite, 2 Bedroom Suites, Snorkelling, Fishing, Diving, Spa, Tennis, Buffet") -> Beach, Swim Out/Plunge Pool Rooms, Family Suite, 2 Bedroom Suites, Snorkelling, Fishing, Diving, Spa, Tennis, Buffet | T89: =IFERROR(__xludf.DUMMYFUNCTION("""COMPUTED_VALUE"""),"Can Request") -> Can Request | U89: =IFERROR(__xludf.DUMMYFUNCTION("""COMPUTED_VALUE"""),"1 King and 1 Twin") -> 1 King and 1 Twin | V89: =IFERROR(__xludf.DUMMYFUNCTION("""COMPUTED_VALUE"""),FALSE) -> FALSE | W89: =IFERROR(__xludf.DUMMYFUNCTION("""COMPUTED_VALUE"""),49.0) -> 49 | X89: =IFERROR(__xludf.DUMMYFUNCTION("""COMPUTED_VALUE"""),1968.0) -> 1968 | Y89: =IFERROR(__xludf.DUMMYFUNCTION("""COMPUTED_VALUE"""),2001.0) -> 2001
A90: =IFERROR(__xludf.DUMMYFUNCTION("""COMPUTED_VALUE"""),"Live Aqua Cancun") -> Live Aqua Cancun | B90: =IFERROR(__xludf.DUMMYFUNCTION("""COMPUTED_VALUE"""),93.0) -> 93 | C90: =IFERROR(__xludf.DUMMYFUNCTION("""COMPUTED_VALUE"""),"Adults Only") -> Adults Only | D90: =IFERROR(__xludf.DUMMYFUNCTION("""COMPUTED_VALUE"""),9509.99) -> 9509.99 | E90: =IFERROR(__xludf.DUMMYFUNCTION("""COMPUTED_VALUE"""),13133.770738500998) -> 13133.771 | F90: =IFERROR(__xludf.DUMMYFUNCTION("""COMPUTED_VALUE"""),1.37) -> 1.37 | H90: =IFERROR(__xludf.DUMMYFUNCTION("""COMPUTED_VALUE"""),9.0) -> 9 | J90: =IFERROR(__xludf.DUMMYFUNCTION("""COMPUTED_VALUE"""),5.0) -> 5 | L90: =IFERROR(__xludf.DUMMYFUNCTION("""COMPUTED_VALUE"""),"Mexico") -> Mexico | M90: =IFERROR(__xludf.DUMMYFUNCTION("""COMPUTED_VALUE"""),"Cancun") -> Cancun | N90: =IFERROR(__xludf.DUMMYFUNCTION("""COMPUTED_VALUE"""),"Cancun") -> Cancun | O90: =IFERROR(__xludf.DUMMYFUNCTION("""COMPUTED_VALUE"""),TRUE) -> TRUE | P90: =IFERROR(__xludf.DUMMYFUNCTION("""COMPUTED_VALUE"""),0.01597222222222222) -> 0.015972222 | Q90: =IFERROR(__xludf.DUMMYFUNCTION("""COMPUTED_VALUE"""),"Fiesta Americana Travelty") -> Fiesta Americana Travelty | R90: =IFERROR(__xludf.DUMMYFUNCTION("""COMPUTED_VALUE"""),"Green, Romantic") -> Green, Romantic | S90: =IFERROR(__xludf.DUMMYFUNCTION("""COMPUTED_VALUE"""),"Beach, Heated Pool, Gym, Evening Entertainment, Wifi (Free), Room Service, Swim Up Bar, Nightclub, Spa, Buffet") -> Beach, Heated Pool, Gym, Evening Entertainment, Wifi (Free), Room Service, Swim Up Bar, Nightclub, Spa, Buffet | V90: =IFERROR(__xludf.DUMMYFUNCTION("""COMPUTED_VALUE"""),TRUE) -> TRUE | W90: =IFERROR(__xludf.DUMMYFUNCTION("""COMPUTED_VALUE"""),371.0) -> 371 | X90: =IFERROR(__xludf.DUMMYFUNCTION("""COMPUTED_VALUE"""),2002.0) -> 2002 | Y90: =IFERROR(__xludf.DUMMYFUNCTION("""COMPUTED_VALUE"""),2018.0) -> 2018 | Z90: =IFERROR(__xludf.DUMMYFUNCTION("""COMPUTED_VALUE"""),11.0) -> 11
A91: =IFERROR(__xludf.DUMMYFUNCTION("""COMPUTED_VALUE"""),"Club Med Miches Playa Esmeralda - Dominican Republic") -> Club Med Miches Playa Esmeralda - Dominican Republic | B91: =IFERROR(__xludf.DUMMYFUNCTION("""COMPUTED_VALUE"""),93.0) -> 93 | C91: =IFERROR(__xludf.DUMMYFUNCTION("""COMPUTED_VALUE"""),"Family") -> Family | D91: =IFERROR(__xludf.DUMMYFUNCTION("""COMPUTED_VALUE"""),11227.9) -> 11227.9 | E91: =IFERROR(__xludf.DUMMYFUNCTION("""COMPUTED_VALUE"""),15506.290172209998) -> 15506.29 | F91: =IFERROR(__xludf.DUMMYFUNCTION("""COMPUTED_VALUE"""),1.16) -> 1.16 | H91: =IFERROR(__xludf.DUMMYFUNCTION("""COMPUTED_VALUE"""),"NYR") -> NYR | L91: =IFERROR(__xludf.DUMMYFUNCTION("""COMPUTED_VALUE"""),"Dominican Republic") -> Dominican Republic | M91: =IFERROR(__xludf.DUMMYFUNCTION("""COMPUTED_VALUE"""),"Miches") -> Miches | N91: =IFERROR(__xludf.DUMMYFUNCTION("""COMPUTED_VALUE"""),"Punta Cana") -> Punta Cana | O91: =IFERROR(__xludf.DUMMYFUNCTION("""COMPUTED_VALUE"""),TRUE) -> TRUE | P91: =IFERROR(__xludf.DUMMYFUNCTION("""COMPUTED_VALUE"""),0.05625) -> 0.05625 | Q91: =IFERROR(__xludf.DUMMYFUNCTION("""COMPUTED_VALUE"""),"Club Med") -> Club Med | R91: =IFERROR(__xludf.DUMMYFUNCTION("""COMPUTED_VALUE"""),"Ocean View") -> Ocean View | S91: =IFERROR(__xludf.DUMMYFUNCTION("""COMPUTED_VALUE"""),"Beach, Swim Out/Plunge Pool Rooms, Adults Only Rooms, Kids Club, Teen Club, Kids Waterpark, Kids Club for Under 4, Gym, Archery, Yoga Classes, Tennis, Spa, Babysitting, Adult Pool, Horseback Riding, Evening Entertainment, Nightclub, Buffet") -> Beach, Swim Out/Plunge Pool Rooms, Adults Only Rooms, Kids Club, Teen Club, Kids Waterpark, Kids Club for Under 4, Gym, Archery, Yoga Classes, Tennis, Spa, Babysitting, Adult Pool, Horseback Riding, Evening Entertainment, Nightclub, Buffet | U91: =IFERROR(__xludf.DUMMYFUNCTION("""COMPUTED_VALUE"""),"1 King") -> 1 King | V91: =IFERROR(__xludf.DUMMYFUNCTION("""COMPUTED_VALUE"""),FALSE) -> FALSE | W91: =IFERROR(__xludf.DUMMYFUNCTION("""COMPUTED_VALUE"""),162.0) -> 162 | X91: =IFERROR(__xludf.DUMMYFUNCTION("""COMPUTED_VALUE"""),2019.0) -> 2019
A92: =IFERROR(__xludf.DUMMYFUNCTION("""COMPUTED_VALUE"""),"Bluefields Bay Villas") -> Bluefields Bay Villas | B92: =IFERROR(__xludf.DUMMYFUNCTION("""COMPUTED_VALUE"""),93.0) -> 93 | C92: =IFERROR(__xludf.DUMMYFUNCTION("""COMPUTED_VALUE"""),"Family") -> Family | D92: =IFERROR(__xludf.DUMMYFUNCTION("""COMPUTED_VALUE"""),14055.3) -> 14055.3 | E92: =IFERROR(__xludf.DUMMYFUNCTION("""COMPUTED_VALUE"""),19411.070659469995) -> 19411.071 | F92: =IFERROR(__xludf.DUMMYFUNCTION("""COMPUTED_VALUE"""),0.92) -> 0.92 | H92: =IFERROR(__xludf.DUMMYFUNCTION("""COMPUTED_VALUE"""),"NYR") -> NYR | J92: =IFERROR(__xludf.DUMMYFUNCTION("""COMPUTED_VALUE"""),4.0) -> 4 | L92: =IFERROR(__xludf.DUMMYFUNCTION("""COMPUTED_VALUE"""),"Jamaica") -> Jamaica | M92: =IFERROR(__xludf.DUMMYFUNCTION("""COMPUTED_VALUE"""),"Bluefields") -> Bluefields | N92: =IFERROR(__xludf.DUMMYFUNCTION("""COMPUTED_VALUE"""),"Sangster") -> Sangster | O92: =IFERROR(__xludf.DUMMYFUNCTION("""COMPUTED_VALUE"""),TRUE) -> TRUE | P92: =IFERROR(__xludf.DUMMYFUNCTION("""COMPUTED_VALUE"""),0.04583333333333333) -> 0.045833333 | R92: =IFERROR(__xludf.DUMMYFUNCTION("""COMPUTED_VALUE"""),"Family") -> Family | S92: =IFERROR(__xludf.DUMMYFUNCTION("""COMPUTED_VALUE"""),"Beach, Family Suite, 2 Bedroom Suites, Babysitting, Diving, Horseback Riding, Tennis, Wifi (Free), Room Service, Hiking, Snorkelling") -> Beach, Family Suite, 2 Bedroom Suites, Babysitting, Diving, Horseback Riding, Tennis, Wifi (Free), Room Service, Hiking, Snorkelling | U92: =IFERROR(__xludf.DUMMYFUNCTION("""COMPUTED_VALUE"""),"1 King and 2 Twin") -> 1 King and 2 Twin | V92: =IFERROR(__xludf.DUMMYFUNCTION("""COMPUTED_VALUE"""),FALSE) -> FALSE | W92: =IFERROR(__xludf.DUMMYFUNCTION("""COMPUTED_VALUE"""),10.0) -> 10
A93: =IFERROR(__xludf.DUMMYFUNCTION("""COMPUTED_VALUE"""),"Cozumel Palace") -> Cozumel Palace | B93: =IFERROR(__xludf.DUMMYFUNCTION("""COMPUTED_VALUE"""),92.8) -> 92.8 | C93: =IFERROR(__xludf.DUMMYFUNCTION("""COMPUTED_VALUE"""),"Family") -> Family | D93: =IFERROR(__xludf.DUMMYFUNCTION("""COMPUTED_VALUE"""),3766.0) -> 3766 | E93: =IFERROR(__xludf.DUMMYFUNCTION("""COMPUTED_VALUE"""),5201.033923399999) -> 5201.0339 | F93: =IFERROR(__xludf.DUMMYFUNCTION("""COMPUTED_VALUE"""),3.4) -> 3.4 | H93: =IFERROR(__xludf.DUMMYFUNCTION("""COMPUTED_VALUE"""),7.0) -> 7 | J93: =IFERROR(__xludf.DUMMYFUNCTION("""COMPUTED_VALUE"""),4.5) -> 4.5 | L93: =IFERROR(__xludf.DUMMYFUNCTION("""COMPUTED_VALUE"""),"Mexico") -> Mexico | M93: =IFERROR(__xludf.DUMMYFUNCTION("""COMPUTED_VALUE"""),"Cozumel") -> Cozumel | N93: =IFERROR(__xludf.DUMMYFUNCTION("""COMPUTED_VALUE"""),"Cozumel") -> Cozumel | O93: =IFERROR(__xludf.DUMMYFUNCTION("""COMPUTED_VALUE"""),TRUE) -> TRUE | P93: =IFERROR(__xludf.DUMMYFUNCTION("""COMPUTED_VALUE"""),0.00625) -> 0.00625 | Q93: =IFERROR(__xludf.DUMMYFUNCTION("""COMPUTED_VALUE"""),"Palace Resorts") -> Palace Resorts | R93: =IFERROR(__xludf.DUMMYFUNCTION("""COMPUTED_VALUE"""),"Great View, Family") -> Great View, Family | S93: =IFERROR(__xludf.DUMMYFUNCTION("""COMPUTED_VALUE"""),"Family Suite, 2 Bedroom Suites, Kids Club, Heated Pool, Gym, Snorkelling, Evening Entertainment, Spa, Wifi (Free), Diving, Babysitting, Swim Up Bar, Fishing, Buffet") -> Family Suite, 2 Bedroom Suites, Kids Club, Heated Pool, Gym, Snorkelling, Evening Entertainment, Spa, Wifi (Free), Diving, Babysitting, Swim Up Bar, Fishing, Buffet | U93: =IFERROR(__xludf.DUMMYFUNCTION("""COMPUTED_VALUE"""),"1 King or 2 Double") -> 1 King or 2 Double | V93: =IFERROR(__xludf.DUMMYFUNCTION("""COMPUTED_VALUE"""),FALSE) -> FALSE | W93: =IFERROR(__xludf.DUMMYFUNCTION("""COMPUTED_VALUE"""),175.0) -> 175 | X93: =IFERROR(__xludf.DUMMYFUNCTION("""COMPUTED_VALUE"""),1988.0) -> 1988 | Y93: =IFERROR(__xludf.DUMMYFUNCTION("""COMPUTED_VALUE"""),2004.0) -> 2004 | Z93: =IFERROR(__xludf.DUMMYFUNCTION("""COMPUTED_VALUE"""),5.0) -> 5
A94: =IFERROR(__xludf.DUMMYFUNCTION("""COMPUTED_VALUE"""),"Sanctuary Cap Cana, A Luxury Collection Resort, Dominican Republic, Adult All-inclusive") -> Sanctuary Cap Cana, A Luxury Collection Resort, Dominican Republic, Adult All-inclusive | B94: =IFERROR(__xludf.DUMMYFUNCTION("""COMPUTED_VALUE"""),92.8) -> 92.8 | C94: =IFERROR(__xludf.DUMMYFUNCTION("""COMPUTED_VALUE"""),"Adults Only") -> Adults Only | D94: =IFERROR(__xludf.DUMMYFUNCTION("""COMPUTED_VALUE"""),5329.0) -> 5329 | E94: =IFERROR(__xludf.DUMMYFUNCTION("""COMPUTED_VALUE"""),7359.614917099999) -> 7359.6149 | F94: =IFERROR(__xludf.DUMMYFUNCTION("""COMPUTED_VALUE"""),2.4) -> 2.4 | G94: =IFERROR(__xludf.DUMMYFUNCTION("""COMPUTED_VALUE"""),4.0) -> 4 | H94: =IFERROR(__xludf.DUMMYFUNCTION("""COMPUTED_VALUE"""),"NYR") -> NYR | J94: =IFERROR(__xludf.DUMMYFUNCTION("""COMPUTED_VALUE"""),5.0) -> 5 | L94: =IFERROR(__xludf.DUMMYFUNCTION("""COMPUTED_VALUE"""),"Dominican Republic") -> Dominican Republic | M94: =IFERROR(__xludf.DUMMYFUNCTION("""COMPUTED_VALUE"""),"Cap Cana") -> Cap Cana | N94: =IFERROR(__xludf.DUMMYFUNCTION("""COMPUTED_VALUE"""),"Punta Cana") -> Punta Cana | O94: =IFERROR(__xludf.DUMMYFUNCTION("""COMPUTED_VALUE"""),TRUE) -> TRUE | P94: =IFERROR(__xludf.DUMMYFUNCTION("""COMPUTED_VALUE"""),0.0125) -> 0.0125 | Q94: =IFERROR(__xludf.DUMMYFUNCTION("""COMPUTED_VALUE"""),"Marriott") -> Marriott | R94: =IFERROR(__xludf.DUMMYFUNCTION("""COMPUTED_VALUE"""),"Great View, Bay View") -> Great View, Bay View | S94: =IFERROR(__xludf.DUMMYFUNCTION("""COMPUTED_VALUE"""),"Beach, Swim Out/Plunge Pool Rooms, Gym, Nightclub, Swim Up Bar, Evening Entertainment, Spa, Buffet") -> Beach, Swim Out/Plunge Pool Rooms, Gym, Nightclub, Swim Up Bar, Evening Entertainment, Spa, Buffet | V94: =IFERROR(__xludf.DUMMYFUNCTION("""COMPUTED_VALUE"""),TRUE) -> TRUE | W94: =IFERROR(__xludf.DUMMYFUNCTION("""COMPUTED_VALUE"""),324.0) -> 324 | X94: =IFERROR(__xludf.DUMMYFUNCTION("""COMPUTED_VALUE"""),2007.0) -> 2007 | Y94: =IFERROR(__xludf.DUMMYFUNCTION("""COMPUTED_VALUE"""),2019.0) -> 2019 | Z94: =IFERROR(__xludf.DUMMYFUNCTION("""COMPUTED_VALUE"""),6.0) -> 6
A95: =IFERROR(__xludf.DUMMYFUNCTION("""COMPUTED_VALUE"""),"Grand Fiesta Americana Coral Beach Cancún All Inclusive Spa Resort") -> Grand Fiesta Americana Coral Beach Cancún All Inclusive Spa Resort | B95: =IFERROR(__xludf.DUMMYFUNCTION("""COMPUTED_VALUE"""),92.8) -> 92.8 | C95: =IFERROR(__xludf.DUMMYFUNCTION("""COMPUTED_VALUE"""),"Family") -> Family | D95: =IFERROR(__xludf.DUMMYFUNCTION("""COMPUTED_VALUE"""),11160.67) -> 11160.67 | E95: =IFERROR(__xludf.DUMMYFUNCTION("""COMPUTED_VALUE"""),15413.442187432998) -> 15413.442 | F95: =IFERROR(__xludf.DUMMYFUNCTION("""COMPUTED_VALUE"""),1.15) -> 1.15 | H95: =IFERROR(__xludf.DUMMYFUNCTION("""COMPUTED_VALUE"""),9.0) -> 9 | J95: =IFERROR(__xludf.DUMMYFUNCTION("""COMPUTED_VALUE"""),5.0) -> 5 | L95: =IFERROR(__xludf.DUMMYFUNCTION("""COMPUTED_VALUE"""),"Mexico") -> Mexico | M95: =IFERROR(__xludf.DUMMYFUNCTION("""COMPUTED_VALUE"""),"Cancun") -> Cancun | N95: =IFERROR(__xludf.DUMMYFUNCTION("""COMPUTED_VALUE"""),"Cancun") -> Cancun | O95: =IFERROR(__xludf.DUMMYFUNCTION("""COMPUTED_VALUE"""),TRUE) -> TRUE | P95: =IFERROR(__xludf.DUMMYFUNCTION("""COMPUTED_VALUE"""),0.017361111111111112) -> 0.017361111 | Q95: =IFERROR(__xludf.DUMMYFUNCTION("""COMPUTED_VALUE"""),"Fiesta Americana Travelty") -> Fiesta Americana Travelty | R95: =IFERROR(__xludf.DUMMYFUNCTION("""COMPUTED_VALUE"""),"Business, Classic") -> Business, Classic | S95: =IFERROR(__xludf.DUMMYFUNCTION("""COMPUTED_VALUE"""),"Beach, Family Suite, 2 Bedroom Suites, Kids Club, Heated Pool, Gym, Diving, Wifi (Paid), Room Service, Watersports Equipment Rentals, Evening Entertainment, Babysitting, Swim Up Bar, Snorkelling, Fishing, Spa, Buffet") -> Beach, Family Suite, 2 Bedroom Suites, Kids Club, Heated Pool, Gym, Diving, Wifi (Paid), Room Service, Watersports Equipment Rentals, Evening Entertainment, Babysitting, Swim Up Bar, Snorkelling, Fishing, Spa, Buffet | U95: =IFERROR(__xludf.DUMMYFUNCTION("""COMPUTED_VALUE"""),"2 Queen") -> 2 Queen | V95: =IFERROR(__xludf.DUMMYFUNCTION("""COMPUTED_VALUE"""),TRUE) -> TRUE | W95: =IFERROR(__xludf.DUMMYFUNCTION("""COMPUTED_VALUE"""),602.0) -> 602 | X95: =IFERROR(__xludf.DUMMYFUNCTION("""COMPUTED_VALUE"""),1990.0) -> 1990 | Y95: =IFERROR(__xludf.DUMMYFUNCTION("""COMPUTED_VALUE"""),2013.0) -> 2013 | Z95: =IFERROR(__xludf.DUMMYFUNCTION("""COMPUTED_VALUE"""),11.0) -> 11
A96: =IFERROR(__xludf.DUMMYFUNCTION("""COMPUTED_VALUE"""),"Excellence Oyster Bay") -> Excellence Oyster Bay | B96: =IFERROR(__xludf.DUMMYFUNCTION("""COMPUTED_VALUE"""),92.7) -> 92.7 | C96: =IFERROR(__xludf.DUMMYFUNCTION("""COMPUTED_VALUE"""),"Adults Only") -> Adults Only | D96: =IFERROR(__xludf.DUMMYFUNCTION("""COMPUTED_VALUE"""),4230.0) -> 4230 | E96: =IFERROR(__xludf.DUMMYFUNCTION("""COMPUTED_VALUE"""),5841.841076999999) -> 5841.8411 | F96: =IFERROR(__xludf.DUMMYFUNCTION("""COMPUTED_VALUE"""),3.0) -> 3 | G96: =IFERROR(__xludf.DUMMYFUNCTION("""COMPUTED_VALUE"""),4.0) -> 4 | H96: =IFERROR(__xludf.DUMMYFUNCTION("""COMPUTED_VALUE"""),8.0) -> 8 | J96: =IFERROR(__xludf.DUMMYFUNCTION("""COMPUTED_VALUE"""),5.0) -> 5 | L96: =IFERROR(__xludf.DUMMYFUNCTION("""COMPUTED_VALUE"""),"Jamaica") -> Jamaica | M96: =IFERROR(__xludf.DUMMYFUNCTION("""COMPUTED_VALUE"""),"Falmouth") -> Falmouth | N96: =IFERROR(__xludf.DUMMYFUNCTION("""COMPUTED_VALUE"""),"Sangster") -> Sangster | O96: =IFERROR(__xludf.DUMMYFUNCTION("""COMPUTED_VALUE"""),TRUE) -> TRUE | P96: =IFERROR(__xludf.DUMMYFUNCTION("""COMPUTED_VALUE"""),0.025) -> 0.025 | Q96: =IFERROR(__xludf.DUMMYFUNCTION("""COMPUTED_VALUE"""),"The Excellence Collection") -> The Excellence Collection | S96: =IFERROR(__xludf.DUMMYFUNCTION("""COMPUTED_VALUE"""),"Beach, Swim Out/Plunge Pool Rooms, Gym, Snorkelling, Evening Entertainment, Nightclub, Spa, Wifi (Free), Swim Up Bar, Buffet") -> Beach, Swim Out/Plunge Pool Rooms, Gym, Snorkelling, Evening Entertainment, Nightclub, Spa, Wifi (Free), Swim Up Bar, Buffet | V96: =IFERROR(__xludf.DUMMYFUNCTION("""COMPUTED_VALUE"""),FALSE) -> FALSE | W96: =IFERROR(__xludf.DUMMYFUNCTION("""COMPUTED_VALUE"""),315.0) -> 315 | X96: =IFERROR(__xludf.DUMMYFUNCTION("""COMPUTED_VALUE"""),2018.0) -> 2018 | Z96: =IFERROR(__xludf.DUMMYFUNCTION("""COMPUTED_VALUE"""),3.0) -> 3
A97: =IFERROR(__xludf.DUMMYFUNCTION("""COMPUTED_VALUE"""),"StolenTime by Rendezvous") -> StolenTime by Rendezvous | B97: =IFERROR(__xludf.DUMMYFUNCTION("""COMPUTED_VALUE"""),92.7) -> 92.7 | C97: =IFERROR(__xludf.DUMMYFUNCTION("""COMPUTED_VALUE"""),"Adults Only") -> Adults Only | D97: =IFERROR(__xludf.DUMMYFUNCTION("""COMPUTED_VALUE"""),8015.0) -> 8015 | E97: =IFERROR(__xludf.DUMMYFUNCTION("""COMPUTED_VALUE"""),11069.114948499999) -> 11069.115 | F97: =IFERROR(__xludf.DUMMYFUNCTION("""COMPUTED_VALUE"""),1.58) -> 1.58 | H97: =IFERROR(__xludf.DUMMYFUNCTION("""COMPUTED_VALUE"""),7.0) -> 7 | L97: =IFERROR(__xludf.DUMMYFUNCTION("""COMPUTED_VALUE"""),"Saint Lucia") -> Saint Lucia | M97: =IFERROR(__xludf.DUMMYFUNCTION("""COMPUTED_VALUE"""),"St. Lucia") -> St. Lucia | N97: =IFERROR(__xludf.DUMMYFUNCTION("""COMPUTED_VALUE"""),"Hewanorra") -> Hewanorra | O97: =IFERROR(__xludf.DUMMYFUNCTION("""COMPUTED_VALUE"""),FALSE) -> FALSE | P97: =IFERROR(__xludf.DUMMYFUNCTION("""COMPUTED_VALUE"""),0.04791666666666667) -> 0.047916667 | R97: =IFERROR(__xludf.DUMMYFUNCTION("""COMPUTED_VALUE"""),"Charming, Great View") -> Charming, Great View | S97: =IFERROR(__xludf.DUMMYFUNCTION("""COMPUTED_VALUE"""),"Beach, Gym, Archery, Yoga Classes, Snorkelling, Windsurfing, Fishing, Spa, Wifi (Free), Lazy River, Swim Up Bar, Diving, Tennis, Evening Entertainment, Buffet") -> Beach, Gym, Archery, Yoga Classes, Snorkelling, Windsurfing, Fishing, Spa, Wifi (Free), Lazy River, Swim Up Bar, Diving, Tennis, Evening Entertainment, Buffet | V97: =IFERROR(__xludf.DUMMYFUNCTION("""COMPUTED_VALUE"""),FALSE) -> FALSE | W97: =IFERROR(__xludf.DUMMYFUNCTION("""COMPUTED_VALUE"""),100.0) -> 100 | X97: =IFERROR(__xludf.DUMMYFUNCTION("""COMPUTED_VALUE"""),1984.0) -> 1984 | Y97: =IFERROR(__xludf.DUMMYFUNCTION("""COMPUTED_VALUE"""),2015.0) -> 2015 | Z97: =IFERROR(__xludf.DUMMYFUNCTION("""COMPUTED_VALUE"""),3.0) -> 3
A98: =IFERROR(__xludf.DUMMYFUNCTION("""COMPUTED_VALUE"""),"The Towers at Pacifica at Pueblo Bonito Pacifica Golf & Spa Resort") -> The Towers at Pacifica at Pueblo Bonito Pacifica Golf & Spa Resort | B98: =IFERROR(__xludf.DUMMYFUNCTION("""COMPUTED_VALUE"""),92.7) -> 92.7 | C98: =IFERROR(__xludf.DUMMYFUNCTION("""COMPUTED_VALUE"""),"Adults Only") -> Adults Only | D98: =IFERROR(__xludf.DUMMYFUNCTION("""COMPUTED_VALUE"""),8394.4) -> 8394.4 | E98: =IFERROR(__xludf.DUMMYFUNCTION("""COMPUTED_VALUE"""),11593.085280559999) -> 11593.085 | F98: =IFERROR(__xludf.DUMMYFUNCTION("""COMPUTED_VALUE"""),1.51) -> 1.51 | H98: =IFERROR(__xludf.DUMMYFUNCTION("""COMPUTED_VALUE"""),7.0) -> 7 | J98: =IFERROR(__xludf.DUMMYFUNCTION("""COMPUTED_VALUE"""),4.0) -> 4 | L98: =IFERROR(__xludf.DUMMYFUNCTION("""COMPUTED_VALUE"""),"Mexico") -> Mexico | M98: =IFERROR(__xludf.DUMMYFUNCTION("""COMPUTED_VALUE"""),"Cabo San Lucas") -> Cabo San Lucas | N98: =IFERROR(__xludf.DUMMYFUNCTION("""COMPUTED_VALUE"""),"Los Cabos") -> Los Cabos | O98: =IFERROR(__xludf.DUMMYFUNCTION("""COMPUTED_VALUE"""),TRUE) -> TRUE | P98: =IFERROR(__xludf.DUMMYFUNCTION("""COMPUTED_VALUE"""),0.03263888888888889) -> 0.032638889 | Q98: =IFERROR(__xludf.DUMMYFUNCTION("""COMPUTED_VALUE"""),"Pueblo Bonito") -> Pueblo Bonito | R98: =IFERROR(__xludf.DUMMYFUNCTION("""COMPUTED_VALUE"""),"Romantic, Charming") -> Romantic, Charming | S98: =IFERROR(__xludf.DUMMYFUNCTION("""COMPUTED_VALUE"""),"Beach, Heated Pool, Gym, Yoga Classes, Swim Up Bar, Golf Course, Tennis, Wifi (Free), Room Service, Hiking, Spa, Buffet") -> Beach, Heated Pool, Gym, Yoga Classes, Swim Up Bar, Golf Course, Tennis, Wifi (Free), Room Service, Hiking, Spa, Buffet | V98: =IFERROR(__xludf.DUMMYFUNCTION("""COMPUTED_VALUE"""),FALSE) -> FALSE | W98: =IFERROR(__xludf.DUMMYFUNCTION("""COMPUTED_VALUE"""),154.0) -> 154 | X98: =IFERROR(__xludf.DUMMYFUNCTION("""COMPUTED_VALUE"""),2005.0) -> 2005 | Z98: =IFERROR(__xludf.DUMMYFUNCTION("""COMPUTED_VALUE"""),5.0) -> 5
A99: =IFERROR(__xludf.DUMMYFUNCTION("""COMPUTED_VALUE"""),"Emerald Estates Luxury Villas") -> Emerald Estates Luxury Villas | B99: =IFERROR(__xludf.DUMMYFUNCTION("""COMPUTED_VALUE"""),92.7) -> 92.7 | C99: =IFERROR(__xludf.DUMMYFUNCTION("""COMPUTED_VALUE"""),"Family") -> Family | D99: =IFERROR(__xludf.DUMMYFUNCTION("""COMPUTED_VALUE"""),9912.0) -> 9912 | E99: =IFERROR(__xludf.DUMMYFUNCTION("""COMPUTED_VALUE"""),13688.966608799998) -> 13688.967 | F99: =IFERROR(__xludf.DUMMYFUNCTION("""COMPUTED_VALUE"""),1.28) -> 1.28 | J99: =IFERROR(__xludf.DUMMYFUNCTION("""COMPUTED_VALUE"""),5.0) -> 5 | L99: =IFERROR(__xludf.DUMMYFUNCTION("""COMPUTED_VALUE"""),"Mexico") -> Mexico | M99: =IFERROR(__xludf.DUMMYFUNCTION("""COMPUTED_VALUE"""),"Mazatlan") -> Mazatlan | N99: =IFERROR(__xludf.DUMMYFUNCTION("""COMPUTED_VALUE"""),"Gen Rafael Buelna") -> Gen Rafael Buelna | O99: =IFERROR(__xludf.DUMMYFUNCTION("""COMPUTED_VALUE"""),FALSE) -> FALSE | P99: =IFERROR(__xludf.DUMMYFUNCTION("""COMPUTED_VALUE"""),0.025694444444444443) -> 0.025694444 | Q99: =IFERROR(__xludf.DUMMYFUNCTION("""COMPUTED_VALUE"""),"Pueblo Bonito") -> Pueblo Bonito | R99: =IFERROR(__xludf.DUMMYFUNCTION("""COMPUTED_VALUE"""),"Charming") -> Charming | S99: =IFERROR(__xludf.DUMMYFUNCTION("""COMPUTED_VALUE"""),"Beach, Swim Out/Plunge Pool Rooms, Family Suite, 2 Bedroom Suites, Heated Pool, Gym, Tennis, Yoga Classes, Adult Pool, Room Service, Swim Up Bar, Wifi (Free), Spa, Buffet") -> Beach, Swim Out/Plunge Pool Rooms, Family Suite, 2 Bedroom Suites, Heated Pool, Gym, Tennis, Yoga Classes, Adult Pool, Room Service, Swim Up Bar, Wifi (Free), Spa, Buffet | U99: =IFERROR(__xludf.DUMMYFUNCTION("""COMPUTED_VALUE"""),"3 Bedrooms") -> 3 Bedrooms | V99: =IFERROR(__xludf.DUMMYFUNCTION("""COMPUTED_VALUE"""),FALSE) -> FALSE
A100: =IFERROR(__xludf.DUMMYFUNCTION("""COMPUTED_VALUE"""),"UNICO 20 87 Hotel Riviera Maya") -> UNICO 20 87 Hotel Riviera Maya | B100: =IFERROR(__xludf.DUMMYFUNCTION("""COMPUTED_VALUE"""),92.5) -> 92.5 | C100: =IFERROR(__xludf.DUMMYFUNCTION("""COMPUTED_VALUE"""),"Adults Only") -> Adults Only | D100: =IFERROR(__xludf.DUMMYFUNCTION("""COMPUTED_VALUE"""),4287.0) -> 4287 | E100: =IFERROR(__xludf.DUMMYFUNCTION("""COMPUTED_VALUE"""),5920.560921299999) -> 5920.5609 | F100: =IFERROR(__xludf.DUMMYFUNCTION("""COMPUTED_VALUE"""),2.92) -> 2.92 | G100: =IFERROR(__xludf.DUMMYFUNCTION("""COMPUTED_VALUE"""),5.0) -> 5 | H100: =IFERROR(__xludf.DUMMYFUNCTION("""COMPUTED_VALUE"""),9.0) -> 9 | J100: =IFERROR(__xludf.DUMMYFUNCTION("""COMPUTED_VALUE"""),5.0) -> 5 | L100: =IFERROR(__xludf.DUMMYFUNCTION("""COMPUTED_VALUE"""),"Mexico") -> Mexico | M100: =IFERROR(__xludf.DUMMYFUNCTION("""COMPUTED_VALUE"""),"Akumal") -> Akumal | N100: =IFERROR(__xludf.DUMMYFUNCTION("""COMPUTED_VALUE"""),"Cancun") -> Cancun | O100: =IFERROR(__xludf.DUMMYFUNCTION("""COMPUTED_VALUE"""),TRUE) -> TRUE | P100: =IFERROR(__xludf.DUMMYFUNCTION("""COMPUTED_VALUE"""),0.04513888888888889) -> 0.045138889 | Q100: =IFERROR(__xludf.DUMMYFUNCTION("""COMPUTED_VALUE"""),"AIC Hotel Group") -> AIC Hotel Group | R100: =IFERROR(__xludf.DUMMYFUNCTION("""COMPUTED_VALUE"""),"Trendy, Great View") -> Trendy, Great View | S100: =IFERROR(__xludf.DUMMYFUNCTION("""COMPUTED_VALUE"""),"Beach, Great Food, Swim Out/Plunge Pool Rooms, Heated Pool, Gym, Evening Entertainment, Wifi (Free), Room Service, Swim Up Bar, Nightclub, Spa, Buffet") -> Beach, Great Food, Swim Out/Plunge Pool Rooms, Heated Pool, Gym, Evening Entertainment, Wifi (Free), Room Service, Swim Up Bar, Nightclub, Spa, Buffet | V100: =IFERROR(__xludf.DUMMYFUNCTION("""COMPUTED_VALUE"""),FALSE) -> FALSE | W100: =IFERROR(__xludf.DUMMYFUNCTION("""COMPUTED_VALUE"""),448.0) -> 448 | X100: =IFERROR(__xludf.DUMMYFUNCTION("""COMPUTED_VALUE"""),2017.0) -> 2017 | Z100: =IFERROR(__xludf.DUMMYFUNCTION("""COMPUTED_VALUE"""),5.0) -> 5
...

Sheet DATA
A1: ="Resort ("&COUNTA(A2:A1993)&")" -> Resort (847) | B1: {=VSTACK("Avg User Rating", BYROW(M2:P1993,LAMBDA(ratings,IF(SUM(ratings),ROUND(AVERAGE(ratings),1),))))} -> Avg User Rating | C1: ="Family ("&COUNTIF(C2:C1993,"Family")&") / Adults Only ("&COUNTIF(C2:C1993,"Adults Only")&")" -> Family (578) / Adults Only (269) | D1: Direct USD 2025 | E1: =IFERROR(__xludf.DUMMYFUNCTION("LET(usdcad,GoogleFinance(""CURRENCY:USDCAD""), VSTACK(""Direct CAD 2025"", BYROW(D2:D1993,LAMBDA(directUSD,IF(ISBLANK(directUSD),,directUSD*usdcad)))))"),"Direct CAD 2025") -> Direct CAD 2025 | F1: {=VSTACK("Value Ratio", MAP(B2:B1993,D2:D1993, LAMBDA(userRating,directUSD, IF(OR(ISBLANK(userRating),ISBLANK(directUSD)),,ROUND(((userRating-80)/directUSD)*1000,2)))))} -> Value Ratio | G1: # of Reviews | H1: Excellent | I1: Very Good | J1: Average | K1: Poor | L1: Terrible | M1: {=VSTACK("Trip Advisor", MAP(H2:H1993,I2:I1993,J2:J1993,K2:K1993,L2:L1993, LAMBDA(g,h,i,j,k, IF(AND(ISBLANK(g),ISBLANK(h),ISBLANK(i),ISBLANK(j),ISBLANK(k)),, LET(total,SUM(g,h,i,j,k),ROUND(SUM((g/total)*5,(h/total)*4,(i/total)*3,(j/total)*2,(k/total)*1)*20,0)) ) )))} -> Trip Advisor | N1: Google | O1: Costco | P1: Expedia | Q1: {=VSTACK("Avg 85+ Rating", BYROW(B2:B1993,LAMBDA(rating,IF(ISBLANK(rating),,rating>=85))))} -> Avg 85+ Rating | R1: AAA | S1: Northstar | T1: Hyatt | U1: Hotel Class | V1: No Go | W1: Country | X1: Area | Y1: Airport | Z1: Direct Flight | AA1: To / From Airport | AB1: Hotel Brand | AC1: Hotel Style | AD1: Features | AE1: Guaranteed Connecting Rooms | AF1: Beds | AG1: High Rise | AH1: # of Rooms | AI1: Year Built | AJ1: Year Renovated | AK1: Floors | AL1: =IFERROR(__xludf.DUMMYFUNCTION("VSTACK(""Hotel Style (Helper)"", BYROW(AC2:AC1993,LAMBDA(styles,IF(ISBLANK(styles),,JOIN("", "",SORT(TOCOL(SPLIT(styles,"", "",FALSE))))))))"),"Hotel Style (Helper)") -> Hotel Style (Helper) | AM1: =IFERROR(__xludf.DUMMYFUNCTION("VSTACK(""Features (Helper)"", BYROW(AD2:AD1993,LAMBDA(features,IF(ISBLANK(features),,JOIN("", "",SORT(TOCOL(SPLIT(features,"", "",FALSE))))))))"),"Features (Helper)") -> Features (Helper)
A2: Coco Plum Island Resort | B2: 98.5 | C2: Adults Only | D2: 5799.99 | E2: =IFERROR(__xludf.DUMMYFUNCTION("""COMPUTED_VALUE"""),8010.075609500998) -> 8010.0756 | F2: 3.19 | G2: 2593 | H2: 2529 | I2: 41 | J2: 15 | K2: 5 | L2: 3 | M2: 99 | N2: 98 | Q2: TRUE | W2: Belize | X2: Coco Plum Cay | Y2: Philip S.W. Goldson | Z2: TRUE | AC2: Romantic, Great View | AD2: Beach, Wifi (Free), Diving, Fishing, Yoga Classes | AG2: FALSE | AL2: =IFERROR(__xludf.DUMMYFUNCTION("""COMPUTED_VALUE"""),"Great View, Romantic") -> Great View, Romantic | AM2: =IFERROR(__xludf.DUMMYFUNCTION("""COMPUTED_VALUE"""),"Beach, Diving, Fishing, Wifi (Free), Yoga Classes") -> Beach, Diving, Fishing, Wifi (Free), Yoga Classes
A3: The Aerial BVI (Non refundable) | B3: 98.5 | C3: Family | D3: 18917.5 | E3: =IFERROR(__xludf.DUMMYFUNCTION("""COMPUTED_VALUE"""),26126.011483249997) -> 26126.011 | F3: 0.98 | G3: 31 | H3: 29 | I3: 0 | J3: 2 | K3: 0 | L3: 0 | M3: 97 | N3: 100 | Q3: TRUE | V3: Max 3 per Room, Non Refundable | W3: British Virgin Islands | X3: Buck Island | Y3: Beef Island | Z3: FALSE | AA3: 0.0083333333 | AD3: Beach, Heated Pool, Wifi (Free), Spa, Gym, Horseback Riding, Watersports Equipment Rentals, Hiking, Snorkelling, Yoga Classes | AF3: 1 King | AG3: FALSE | AM3: =IFERROR(__xludf.DUMMYFUNCTION("""COMPUTED_VALUE"""),"Beach, Gym, Heated Pool, Hiking, Horseback Riding, Snorkelling, Spa, Watersports Equipment Rentals, Wifi (Free), Yoga Classes") -> Beach, Gym, Heated Pool, Hiking, Horseback Riding, Snorkelling, Spa, Watersports Equipment Rentals, Wifi (Free), Yoga Classes
A4: The Beachfront By The Fives Hotels | B4: 98 | C4: Adults Only | D4: 5114 | E4: =IFERROR(__xludf.DUMMYFUNCTION("""COMPUTED_VALUE"""),7062.689188599999) -> 7062.6892 | F4: 3.52 | G4: 114 | H4: 106 | I4: 5 | J4: 3 | K4: 0 | L4: 0 | M4: 98 | N4: 96 | P4: 100 | Q4: TRUE | S4: NYR | U4: 2 | W4: Mexico | X4: Playa del Carmen | Y4: Cancun | Z4: TRUE | AA4: 0.030555556 | AB4: The Fives Hotels | AC4: Boutique, Business | AD4: Beach, Swim Out/Plunge Pool Rooms, Gym, Spa, Wifi (Free), Snorkelling, Room Service | AG4: FALSE | AH4: 50 | AI4: 2023 | AK4: 3 | AL4: =IFERROR(__xludf.DUMMYFUNCTION("""COMPUTED_VALUE"""),"Boutique, Business") -> Boutique, Business | AM4: =IFERROR(__xludf.DUMMYFUNCTION("""COMPUTED_VALUE"""),"Beach, Gym, Room Service, Snorkelling, Spa, Swim Out/Plunge Pool Rooms, Wifi (Free)") -> Beach, Gym, Room Service, Snorkelling, Spa, Swim Out/Plunge Pool Rooms, Wifi (Free)
A5: Guana Island | B5: 98 | C5: Family | D5: 24367 | E5: =IFERROR(__xludf.DUMMYFUNCTION("""COMPUTED_VALUE"""),33652.04291329999) -> 33652.043 | F5: 0.74 | G5: 454 | H5: 424 | I5: 18 | J5: 9 | K5: 3 | L5: 0 | M5: 98 | Q5: TRUE | S5: 7 | U5: 4 | V5: Max 3 per Room | W5: British Virgin Islands | X5: Guana Island | Y5: Beef Island | Z5: FALSE | AC5: Quiet | AD5: Beach, Swim Out/Plunge Pool Rooms, Family Suite, 2 Bedroom Suites, Wifi (Paid), Tennis, Snorkelling, Buffet | AE5: Can't Book Two Rooms | AF5: 1 King | AG5: FALSE | AH5: 18 | AI5: 1930 | AJ5: 2011 | AK5: 1 | AL5: =IFERROR(__xludf.DUMMYFUNCTION("""COMPUTED_VALUE"""),"Quiet") -> Quiet | AM5: =IFERROR(__xludf.DUMMYFUNCTION("""COMPUTED_VALUE"""),"2 Bedroom Suites, Beach, Buffet, Family Suite, Snorkelling, Swim Out/Plunge Pool Rooms, Tennis, Wifi (Paid)") -> 2 Bedroom Suites, Beach, Buffet, Family Suite, Snorkelling, Swim Out/Plunge Pool Rooms, Tennis, Wifi (Paid)
A6: Serenity at Coconut Bay | B6: 97.8 | C6: Adults Only | D6: 22400 | E6: =IFERROR(__xludf.DUMMYFUNCTION("""COMPUTED_VALUE"""),30935.517759999995) -> 30935.518 | F6: 0.79 | G6: 1642 | H6: 1582 | I6: 45 | J6: 14 | K6: 3 | L6: 0 | M6: 99 | N6: 98 | O6: 98 | P6: 96 | Q6: TRUE | S6: 9 | U6: 5 | W6: Saint Lucia | X6: Vieux Fort | Y6: Hewanorra | Z6: FALSE | AA6: 0.0034722222 | AC6: Luxury | AD6: Beach, Swim Out/Plunge Pool Rooms, Gym, Spa, Wifi (Free), Tennis, Snorkelling, Room Service, Evening Entertainment | AG6: FALSE | AH6: 36 | AL6: =IFERROR(__xludf.DUMMYFUNCTION("""COMPUTED_VALUE"""),"Luxury") -> Luxury | AM6: =IFERROR(__xludf.DUMMYFUNCTION("""COMPUTED_VALUE"""),"Beach, Evening Entertainment, Gym, Room Service, Snorkelling, Spa, Swim Out/Plunge Pool Rooms, Tennis, Wifi (Free)") -> Beach, Evening Entertainment, Gym, Room Service, Snorkelling, Spa, Swim Out/Plunge Pool Rooms, Tennis, Wifi (Free)
